rotulos_de_linha;mar;abr;mai;jun;jul;ago
48007;3960,96;3951,59;3926,32;3974,47;3993,06;3995,99
48012;3648,0;3684,0;2785,0;4471,5;4810,0;3573,0
48020;10649,29;8600,7;7798,11;5634,71;9179,01;8481,85
48026;2931,93;2978,74;2983,4;2989,23;2995,83;2989,85
48035;28802,95;92686,99;194627,41;172904,74;154327,01;171169,32
48036;681268,92;770788,33;374151,12;501741,7;537987,38;494319,68
48038;4994,95;4996,65;4975,01;4999,07;4998,13;4996,0
48042;6999,22;6998,81;6999,57;6991,5;6999,02;6994,69
48043;5993,58;5991,58;5999,66;5996,68;5998,62;5998,37
48049;13615,84;15761,55;21394,56;17269,94;20696,83;21606,78
48054;5277,5;20298,76;12017,04;15015,27;13990,06;4908,63
48057;3999,99;4000,0;4000,0;3999,99;3999,93;3999,99
48059;61907,27;64198,93;67348,85;64544,05;53030,0;61175,86
48070;16381,59;11362,53;12673,14;12488,32;11960,21;13169,42
48072;9997,8;9997,9;9996,0;9998,4;9033,9;9995,3
48076;1007383,91;1000041,36;966501,56;1045438,53;1163419,45;1351855,84
48077;1424313,56;1386814,8;1125032,97;1228752,45;1481552,35;1210182,57
48078;4343,76;4397,13;4380,96;4214,99;4398,06;
48081;;;;;739,5;899,0
48085;149702,55;149628,89;149414,6;149893,37;149662,9;149983,33
48094;53659,27;70856,42;67262,19;65875,32;1593135,53;57456,17
48098;517042,86;434949,57;407476,5;606395,86;569652,93;452036,66
48100;12071,68;13981,66;12531,26;14290,38;14729,83;11602,85
48108;122552,22;97712,18;133988,15;138154,83;141782,96;148907,02
48109;7810,11;24553,12;14814,15;7084,84;3876,1;3611,33
48111;44928,87;44971,9;44938,99;44979,4;44961,79;44748,99
48113;24784,53;18896,51;26978,28;37491,27;56749,42;51890,4
48115;10187,64;10189,19;10195,03;10196,71;10196,41;10191,56
48118;318920,11;454777,34;331385,28;347296,93;320584,9;413051,52
48120;3994,01;3998,39;3999,47;3999,52;3998,97;3980,67
48121;2880,12;2843,73;2962,0;2800,49;2879,33;2948,42
48123;6599,47;6599,51;6598,95;6598,07;6593,35;6565,22
48124;14407,7;10834,88;14989,66;21174,53;13908,14;17778,48
48127;9997,94;9999,21;9934,88;9853,51;9994,06;9919,12
48134;972194,65;969642,88;796822,82;773624,41;776448,4;695311,07
48138;2967,03;2999,08;2956,13;2978,3;2990,27;2999,96
48139;2994,73;2999,95;2970,66;2949,29;2991,03;2965,38
48145;2685,33;2245,26;4531,85;3005,23;3942,16;3716,86
48149;12719,29;12705,57;12713,63;12652,29;12668,1;12714,45
48160;21732,26;17585,21;20090,4;18792,61;16097,18;18151,48
48163;17543,29;14908,3;18529,74;16607,78;20367,69;18179,48
48164;3993,27;3985,01;3997,07;3949,61;3993,02;3965,46
48165;1991,0;1471,5;1841,5;1027,0;1097,0;1578,0
48166;2029,1;1839,66;865,56;2038,58;2270,41;2397,23
48167;15969,7;14993,85;15992,71;14997,29;15425,94;16533,02
48168;8731,33;7798,93;9963,22;9982,09;9878,54;9986,81
48172;2893,79;2991,88;2998,95;2982,44;2999,9;2985,56
48176;9959,19;9978,21;9931,05;9991,64;9966,73;9949,4
48178;8948,09;8486,45;8245,06;7728,76;9940,24;9989,74
48184;1942340,79;1758772,23;1765382,53;1978536,14;2037649,15;2351630,34
48186;23444,27;23429,12;23450,06;23442,14;23426,23;23250,88
48187;11998,6;11961,7;11990,02;11936,98;11991,3;11993,01
48188;2837,06;3085,89;3234,88;3193,48;1862,08;
48189;4482,39;4488,45;4478,03;4479,33;4496,59;4497,13
48195;17982,91;17989,1;17999,45;17998,26;17997,62;17999,85
48200;89844,13;324851,16;514036,3;295436,25;140729,3;99544,69
48205;127555,59;229914,19;193662,15;262047,21;281456,75;182458,55
48208;2951,99;2396,88;2583,85;2878,87;2784,85;2662,12
48209;22145,09;23691,56;23941,19;19750,2;25078,43;29254,7
48226;453,37;473,23;586,92;219,45;936,94;210,78
48227;171541,66;157124,69;159405,02;193664,1;193076,71;139733,43
48230;14074,75;14983,92;13085,73;15046,53;15050,31;14961,64
48233;37096,39;31187,43;30628,22;35086,08;53749,89;50614,28
48239;22221,6;28368,35;21145,73;22718,37;24183,41;19887,75
48246;2997,4;2993,85;2992,1;2998,98;;
48249;6362,92;2636,7;3302,2;11983,74;10130,61;
48250;5977,85;5967,15;5949,17;5948,75;5965,94;5985,67
48258;48066,42;48830,63;49804,23;49842,57;48307,34;49301,4
48263;14999,65;14999,63;14999,07;14999,91;14999,98;14999,9
48268;27999,78;27987,42;27999,37;27999,27;27998,55;27999,28
48272;2116,5;2418,5;2998,0;2996,0;2993,5;2993,5
48275;8348,74;10131,01;8211,74;9898,17;9770,09;7785,98
48277;510,0;413,5;510,0;100,0;250,0;398,86
48279;2989,0;2394,5;2993,5;2751,5;2994,0;2996,0
48280;8986,14;8993,68;8991,66;8999,15;8998,33;8984,11
48283;4997,98;3486,15;4990,48;4835,93;4643,91;3907,99
48286;3407,67;4240,1;3593,05;2797,91;3398,81;3379,53
48295;12310,15;12382,36;12212,72;12386,29;12373,63;12390,5
48296;8944,83;7379,01;8892,81;8736,91;8750,86;8880,32
48307;2997,98;2990,39;2994,13;2999,96;2997,89;2998,06
48310;5984,29;5992,24;5960,76;5997,05;5986,33;5959,88
48311;19995,87;19997,53;19978,21;19827,4;19998,59;19970,74
48314;26180,65;28074,22;35977,17;24855,09;21181,02;34399,42
48321;456,39;581,91;37,71;392,82;572,84;933,51
48323;55673,75;29758,15;39902,65;49563,18;62769,13;45748,42
48330;30440,47;30478,02;30457,95;30305,74;30409,22;30457,48
48331;72807,99;193618,56;86180,52;89181,68;151025,43;108277,29
48336;4891,66;1918,88;4359,2;3206,08;5423,22;2581,28
48338;4995,08;4998,88;4987,95;4967,05;4996,59;4984,81
48341;7966,45;7983,17;7958,34;7977,63;7956,12;7993,59
48345;5818,88;5700,62;5998,05;5982,73;5979,49;5775,98
48355;7871,62;13458,85;7412,21;4694,8;6560,52;6383,41
48360;3987,31;3952,67;3981,21;3988,69;3992,52;3972,31
48361;3996,8;3991,12;3995,49;3995,05;3997,75;3998,7
48362;2987,64;2998,66;2959,44;2995,37;2990,49;2978,4
48363;1473,94;806,42;1092,09;2333,5;1879,69;1837,39
48367;10222,08;10333,08;13653,28;11435,28;11015,44;12343,92
48369;14664,95;14726,61;14682,47;14387,75;14389,4;6991,12
48370;5267,89;4688,02;6501,31;3997,78;5330,78;4374,4
48374;169971,05;168109,57;174911,01;182729,41;183009,84;179488,74
48382;8150,0;220,0;16300,0;8040,0;8150,0;55,0
48391;208120,14;216279,11;202748,24;208149,43;200062,48;195720,58
48398;712037,25;732645,17;814208,3;727646,59;746207,06;633864,24
48400;424801,53;292067,56;342233,95;395437,96;473364,38;339123,21
48408;8478,89;8832,76;9184,96;5977,62;8124,15;8759,06
48437;9971,76;6880,02;8515,09;6066,98;4196,35;6238,32
48438;36723,83;43065,52;12902,99;14263,4;28121,64;27986,47
48443;21818,48;9842,63;10567,57;13129,09;15447,31;10034,34
48498;2832,18;2832,18;2799,16;2799,16;2799,16;2799,16
48505;2973,37;2959,1;2955,24;2942,67;2920,07;2914,15
48510;8375,94;8394,17;8399,2;8395,26;8398,21;8396,82
48511;7982,03;7998,31;7998,32;7993,64;7993,8;7995,43
48513;2523,0;1914,0;2994,0;2977,0;2987,0;2997,8
48515;2995,76;2978,85;2989,64;2975,39;2990,75;2998,6
48519;221664,2;178041,87;185270,26;182849,78;177751,25;160405,18
48528;5497,26;5496,62;5499,12;5491,35;5496,56;5493,51
48535;7990,09;7985,43;7898,39;7996,14;7997,69;7935,35
48540;38546,52;43787,27;48290,45;37727,6;34635,03;41059,79
48546;17498,94;17462,99;17435,77;17498,23;17494,77;17448,39
48547;49912,56;85911,19;73101,4;139859,54;87451,35;88130,82
48549;21063,88;23584,26;20593,68;17619,54;22088,82;15211,88
48552;9870,97;9976,11;9028,22;8744,99;9975,46;9993,37
48553;5121,0;4097,5;5569,5;4869,5;4729,0;5586,9
48559;36258,78;41266,51;44259,6;36512,81;39250,7;29189,72
48561;10595,22;10578,44;10599,81;10587,28;10596,43;10586,91
48562;128835,04;129048,26;156789,65;84819,17;98286,09;74072,71
48573;59513,56;59945,85;59154,07;55424,5;64378,41;66804,6
48575;219697,06;325384,09;275322,32;205091,82;182767,62;193163,21
48577;9929,1;9939,35;9405,25;9894,83;9976,16;9979,75
48579;2751,41;3772,43;2733,82;2991,35;2863,55;3530,47
48580;2903,46;2773,42;2748,59;2723,03;2905,6;2879,72
48587;19997,1;19989,7;19980,2;18958,1;19987,7;17941,7
48590;5429,84;5845,27;5983,81;5976,39;5945,88;5991,61
48597;49999,03;49998,31;49985,42;49998,12;49995,02;49996,18
48600;20525,06;20538,77;20516,18;20530,96;20539,63;20539,41
48616;9785,4;6658,31;11137,95;4988,49;12422,72;8947,96
48627;29553,91;7430,78;18872,68;11054,72;19042,27;20382,43
48628;609445,16;638947,41;427150,35;885056,05;794814,77;639802,2
48636;3993,79;3976,78;3992,81;3981,42;3887,37;3991,85
48637;2974,84;2998,3;2991,7;2953,48;2992,58;2986,9
48640;2184,09;1941,79;2982,65;1429,94;2870,95;2570,89
48641;155557,28;137200,6;188987,03;148021,38;147705,58;157311,13
48643;20531,83;20533,46;20431,41;18693,44;20516,0;20539,72
48644;458,85;;;;;
48646;2996,79;2949,34;2993,87;2956,05;2971,43;2999,73
48652;8787,38;8980,74;8919,1;8867,84;8995,63;8972,03
48653;264314,91;220424,27;331282,01;329167,23;270944,86;222660,75
48658;700005,03;699999,55;699999,36;693745,56;699997,01;700136,75
48659;11998,83;11968,99;11936,61;11871,57;11994,99;11957,34
48673;2970,68;2992,89;2997,4;2978,83;2999,27;2925,59
48677;7045,51;8197,14;6745,93;6147,8;6246,58;7205,11
48678;2993,45;2982,83;2989,66;2995,57;2987,65;2962,64
48679;3999,5;3997,49;3997,92;3998,57;3999,99;3999,05
48680;1722,4;1586,3;1416,5;1170,0;1655,6;2129,8
48681;26119,83;26056,07;29923,13;28704,05;29839,33;21966,42
48682;5926,66;5988,41;5986,37;5998,27;5987,08;5999,11
48683;6084,9;6105,64;6123,35;6179,64;6217,94;6241,1
48687;6617,92;9266,69;8114,67;12143,57;13009,34;13705,59
48688;2248,92;2198,03;2248,52;2227,39;2239,23;2226,99
48693;571843,72;548402,74;607434,94;536865,3;535993,28;641037,12
48694;11284,8;8960,35;10101,59;13447,88;10752,58;11365,47
48695;8962,23;2023,08;12324,02;29774,03;23290,4;29999,63
48704;35784,04;67414,55;24145,84;30991,91;47679,23;22593,89
48713;1261783,97;1231060,93;1436566,11;1529397,33;1375725,27;1359438,26
48715;753,06;710,34;;658,17;916,74;1037,05
48716;6335,53;6357,88;6357,37;6356,0;6357,79;6357,8
48722;2984,96;2960,91;2970,68;2977,26;2949,89;2973,11
48723;2970,47;2996,3;2985,21;2973,59;2951,97;2489,28
48729;16796,0;13276,0;14436,0;14300,0;17280,0;16160,0
48731;2620,0;4219,5;1662,5;1594,5;3935,0;2418,0
48734;2984,77;2982,0;2984,75;2979,28;2991,54;2996,22
48739;13987,59;13996,31;13993,83;13994,84;13999,53;13993,06
48741;18385,87;22806,7;20843,57;29809,96;29153,28;23582,62
48753;19128,58;18191,55;11844,53;19663,51;15621,84;13896,53
48758;3260,14;3041,6;1816,77;2857,66;1291,56;2063,33
48761;13197,74;7458,43;3970,77;9039,85;15045,97;3501,7
48763;2134,37;2986,46;2999,04;2990,94;2915,42;2984,02
48770;2997,95;2997,91;2988,34;2994,25;2998,42;2994,74
48778;120281,04;114889,53;126893,39;127549,62;126030,08;110349,1
48779;6413,87;6441,28;6402,74;6432,36;6464,56;6428,84
48780;12716,83;12694,85;12714,64;12691,23;12673,48;12717,92
48781;27755,05;27043,82;27305,12;27975,97;27988,88;27971,92
48782;12128,24;13486,49;8971,36;10137,81;13336,27;9804,11
48785;4983,91;4987,18;4994,15;4997,71;4988,92;4997,67
48788;3959,08;3894,8;3993,79;3975,12;3990,86;3961,12
48791;7493,01;7481,25;7494,49;7446,0;7469,47;7497,37
48796;10017,02;10049,35;10031,69;10024,9;10021,29;10040,62
48799;6997,36;12945,91;10449,87;12923,69;17815,38;12069,46
48810;2997,56;2936,92;2991,3;2998,83;2996,9;2993,55
48811;17982,59;17996,33;17995,34;17999,68;17997,25;17993,99
48817;5494,01;5473,91;5454,47;5346,15;5445,59;5434,77
48819;6449,24;11536,88;7125,01;9479,08;9859,53;9279,05
48820;417391,6;350188,41;533935,93;566194,7;461783,69;360356,27
48824;10178,48;10176,6;10177,58;10178,49;10171,28;10177,43
48827;19990,4;19942,22;19471,43;18908,23;19861,31;18647,19
48832;29273,96;26035,86;27148,98;26577,68;34021,46;28138,14
48838;6947,4;6898,62;6975,58;6880,63;6972,18;6955,79
48842;2998,01;2999,78;2929,45;2997,27;2987,89;2999,24
48844;26575,96;37082,65;29143,55;25331,29;21350,53;25992,96
48845;20984,5;20991,12;20972,59;20987,93;18268,71;18882,21
48847;115848,34;119003,2;126178,14;166055,51;159080,72;159452,77
48852;168732,34;221565,37;141616,06;218582,3;284957,46;233733,88
48853;5692,94;5437,75;5953,13;5813,22;5197,44;5973,41
48858;27117,92;23298,62;19666,82;19503,76;21062,32;25661,74
48861;7991,05;7995,0;7985,46;7993,14;7992,71;7973,26
48865;7436,35;7495,92;7452,21;7488,04;7378,45;7493,56
48869;9910,92;9791,82;9749,76;9819,82;9679,59;9851,7
48873;16972,85;16997,49;16996,63;16997,92;16999,82;16933,46
48878;2992,0;2836,0;2967,9;2998,5;2994,6;2995,7
48879;3566,0;3740,0;3821,6;3682,0;3915,0;3726,5
48888;12961,47;12992,28;12943,7;12942,64;12831,67;12988,03
48890;2543,22;2478,29;2487,9;2901,66;2982,21;2996,28
48895;2799,75;2895,07;2988,99;2862,88;2966,29;2984,86
48899;1826,5;1208,0;930,0;1736,0;1799,0;1787,0
48900;7999,28;7959,85;7980,24;7961,42;7994,76;7985,92
48901;10957,58;10997,2;10969,68;10999,56;10982,73;10998,91
48902;2996,92;2986,12;2999,77;2991,28;2961,66;2997,22
48905;2994,19;2997,39;2988,53;2999,61;2990,44;2997,94
48907;132666,19;44046,63;73177,67;31501,64;30162,56;29425,37
48908;2454,5;2377,5;2858,5;2024,5;2479,0;1657,5
48909;253659,99;173769,54;157853,86;351914,42;160616,15;169577,79
48912;2856,23;2973,09;2832,09;2417,59;2969,33;2994,41
48914;18354,09;20999,55;20956,52;20982,17;20974,05;20972,85
48919;952,76;997,75;511,91;1471,21;601,05;564,67
48922;599857,85;662924,05;571421,31;726454,19;761205,95;667223,39
48927;20818,29;21858,56;18376,91;19476,1;24023,83;22860,9
48928;2999,65;2996,99;2999,22;2999,45;2999,71;2999,59
48929;548466,91;468741,54;809778,95;584051,29;665933,07;570669,61
48931;4880,12;4997,32;4979,01;4957,64;4941,98;4886,66
48933;1799,9;3694,09;2740,35;3349,06;2103,9;3645,17
48935;12704,34;12578,98;12877,32;12962,66;11800,42;11182,4
48940;4997,62;4993,91;4996,73;4999,47;4999,68;4999,86
48942;14980,81;14985,45;14913,45;14198,19;13281,85;14237,81
48945;2888,27;2911,21;2951,85;2978,55;2986,61;2951,36
48946;4913,72;4984,23;4969,52;4990,77;4992,78;4972,16
48947;12558,73;14984,61;14901,66;14841,9;14973,97;14889,27
48949;7057,45;5013,96;3460,7;4679,39;5706,51;5885,54
48951;4476,45;4478,04;4450,61;4494,52;4471,6;4460,98
48955;16415,39;16425,6;16429,24;16416,01;16422,61;16401,27
48958;7670,54;7327,37;8028,22;6437,92;10155,68;10280,63
48961;2998,19;2992,88;2997,32;2997,28;2904,19;2997,6
48964;5920,12;5998,02;5872,72;5989,75;5934,45;5997,35
48965;6302,91;6350,7;6347,65;6294,7;6306,24;5385,78
48968;92825,06;80341,95;82378,52;79304,77;90735,75;88001,96
48971;56845,14;53231,51;47400,48;95363,35;58562,63;56592,56
48973;4669,5;3750,5;4560,0;4368,5;4424,0;5026,0
48976;22673,53;24291,08;24920,24;20807,2;31542,59;24664,17
48978;6498,94;6499,85;6498,46;6499,59;6499,98;6498,51
48980;3946,01;3992,98;3978,28;3641,46;3974,0;3496,35
48982;3452,54;3406,32;3338,76;3489,81;3483,49;3450,42
48983;5995,83;5983,12;5978,23;5994,9;5999,57;5990,98
48986;9975,85;9994,81;9991,91;9968,32;9959,13;9990,68
48987;323320,07;245944,97;293167,4;249763,52;233249,59;241181,66
48992;4920,77;5921,06;4890,32;3223,13;4024,05;4536,21
48993;72028,42;110805,52;85194,34;106645,06;96365,24;82600,99
56081;22061,31;21257,98;19140,17;19729,27;18185,74;18344,53
57550;5998,46;5990,07;5998,59;5998,25;5996,1;5995,15
80004;6496,9;6471,66;6486,27;6499,36;6451,64;6490,51
80010;3994,2;2843,42;3147,37;1536,77;2461,5;2624,1
80011;3996,08;3943,05;3989,97;3971,22;3934,97;3975,91
80012;2994,57;2976,44;2999,81;2911,2;2894,09;2940,29
80013;11436,47;11448,05;11032,37;11485,69;11082,98;11466,74
80017;2957,76;2903,3;2990,34;2970,38;2965,31;2964,21
80020;2977,06;2973,23;2970,61;2936,94;2993,52;2978,61
80025;978,92;1037,83;1153,12;694,82;862,37;750,98
80026;2830,09;2570,83;2578,39;2997,55;2961,77;2990,44
80028;1977,9;1170,75;2079,85;1639,75;2009,3;1477,95
80034;83380,86;130207,28;;;;
80038;19587,7;19479,12;16832,39;18612,67;17634,15;7750,63
80039;10995,95;10889,36;10990,79;10987,69;10974,68;10998,8
80040;29250,43;28972,25;29250,81;29163,72;28914,45;29210,0
80042;9691,67;9338,68;6514,41;7854,15;10243,71;5804,06
80053;8339,35;8478,81;8461,99;8475,06;8457,29;8469,23
80054;44973,08;41783,03;44709,21;31274,25;44943,15;44707,02
80060;2974,79;2972,15;2999,27;2738,78;2992,59;2965,54
80061;29975,35;29970,29;29742,53;29965,99;29865,83;29998,47
80063;17986,42;17972,54;17955,37;17954,64;17712,04;17971,13
80067;2284,15;2223,89;1884,55;2500,08;1483,88;1933,57
80068;166723,27;148258,0;144503,11;238352,8;132553,83;136015,72
2572014;2898,3;2944,06;2983,06;2985,84;2994,65;2936,37
2572197;4332,73;4476,13;3731,67;4184,09;4425,58;4437,76
2572206;10142,35;10175,89;10179,19;10179,96;10164,85;10173,72
2572210;4488,02;4498,23;4010,47;4498,09;4478,14;4410,39
2572236;4523,72;4528,41;4433,75;4497,16;4596,45;4578,11
2572241;6848,78;6812,79;6907,1;6642,25;6653,04;6800,6
2572888;2997,0;2997,8;2999,7;2997,5;2998,9;2993,5
2573035;6929,87;6445,86;6994,62;6941,73;6819,72;6912,58
2573040;2879,93;2799,65;2426,82;2832,13;2825,02;2710,17
2574059;3976,97;3970,05;3979,85;3969,27;3989,82;3942,71
2578307;9978,28;9984,96;9994,44;9974,81;9964,4;9999,92
2579113;2200,0;2145,0;1485,0;1595,0;1155,0;2365,0
2579115;3738,66;3353,76;2734,65;3738,67;3639,58;3998,63
2579122;4999,4;4945,7;4848,92;4965,73;4973,47;4110,89
2580660;7366,05;6584,6;11458,82;8743,89;5493,14;5089,12
2580791;3870,44;3955,05;3885,02;3935,76;3901,62;3945,35
2585052;5261,16;4445,27;;;;
2588389;1950,2;1992,86;1865,17;1953,46;1946,15;1994,54
2588559;23476,13;22135,35;18159,25;22382,61;27360,87;27600,17
2588561;733,61;270,66;1127,33;1079,25;540,22;1057,8
2588571;1307,7;1392,0;1406,5;1841,5;2392,5;1827,0
2588603;2695,0;3410,0;2585,0;1595,0;2145,0;1760,0
2589469;11888,97;11920,15;14732,53;12582,73;13297,51;11993,27
2593891;205,84;623,38;411,68;1046,78;411,68;417,54
2594099;2993,5;2972,0;2984,0;2984,0;2972,0;2960,0
2594104;3975,85;3829,76;3955,47;3959,91;3996,71;3999,07
2594108;1497,4;1305,4;1215,9;1053,5;717,0;1448,5
2594327;13893,35;13636,39;13907,33;13989,9;13773,85;13841,04
2594339;4987,69;4998,23;4994,42;4990,97;4977,96;4999,56
2594362;2995,73;2981,45;2911,65;2935,89;2963,61;2928,75
2594370;6099,37;7344,46;8290,62;5081,79;4323,31;6845,16
2594470;2964,5;2999,07;2981,95;2996,75;2996,54;2985,03
2599011;14497,12;14479,46;14495,92;14481,66;14494,78;14461,66
2599016;109180,1;109121,46;109158,6;109185,81;109143,94;103333,63
2599019;2520,0;2993,5;2225,5;2614,5;2070,0;2720,5
2599024;8758,73;9412,46;11332,59;20595,49;14570,06;12158,75
2599030;9566,1;8862,9;7952,9;8807,1;9977,3;9323,9
2599034;2987,68;2980,81;2998,5;2978,29;2959,25;2971,47
2599036;2999,81;2999,57;2998,43;2987,97;2998,77;2997,56
2599038;2952,98;2943,28;2948,21;2948,06;2901,94;2853,11
2601360;4680,0;2600,0;3900,0;2080,0;4089,66;4956,25
2603491;38357,55;43497,7;45067,25;44411,76;56544,91;49731,15
2606725;9673,8;9947,41;9989,96;9998,36;9982,15;9988,02
2608032;2997,5;2994,1;2899,9;2997,7;2692,9;2925,7
2608036;13349,44;15642,49;19002,12;17665,15;22241,33;16594,63
2608038;25284,22;20556,74;22586,73;15151,92;29533,76;22708,43
2609956;2986,2;2958,88;2996,03;2987,41;2969,24;2926,34
2611499;6314,26;6948,49;5623,38;6926,28;6993,78;6795,29
2611513;12497,97;12499,32;12497,84;12499,56;12493,88;12473,55
2611718;471,0;1036,5;1184,0;906,0;737,0;290,0
2612387;4879,08;4964,94;4613,36;4693,97;4718,81;4200,54
2613073;4478,35;4462,67;547,91;4467,96;4484,44;4486,05
2616845;27611,88;15651,11;26516,08;19723,5;37067,74;34193,14
2616847;26336,26;32944,7;48284,55;54618,49;86964,81;45049,32
2618897;3790,51;3783,68;3743,67;3740,49;3772,28;3770,16
2619501;5996,2;5997,9;6000,0;5997,7;5997,2;5997,4
2619528;7792,62;7745,75;7798,62;7763,79;7724,38;7777,06
2620133;2990,86;2993,14;2984,23;2970,03;2998,83;2986,42
2620401;44106,57;39689,74;76899,08;66898,13;56993,34;45964,38
2621344;69954,54;69967,69;69948,48;69982,35;69959,14;69974,58
2622182;3993,19;3993,35;3962,53;3998,48;3960,43;3992,74
2624572;2741,44;2975,35;2998,76;2993,31;2946,84;2971,9
2624583;90032,82;84953,07;83811,57;90384,57;115563,64;98559,89
2624592;35922,72;31692,34;31639,69;29586,35;30023,94;31857,29
2624598;5979,65;5991,44;5982,95;5964,78;5998,8;5995,0
2627405;1855,0;1971,0;1971,0;1478,0;1333,5;1579,0
2629625;4968,67;4994,15;4992,07;4997,7;4864,7;4990,14
2629646;2965,65;2985,06;2997,0;2957,78;2943,02;2986,61
2629659;2812,46;2991,42;2936,9;2989,95;2966,79;2922,58
2629928;49862,41;49384,79;49998,22;49929,44;49970,89;49964,27
2630568;4270,46;5515,08;2766,35;5520,01;7061,23;3150,39
2630571;2924,6;2974,26;2997,47;2842,7;2995,55;2978,27
2631593;2981,06;2996,12;2940,77;2991,16;2923,22;2985,32
2631606;2998,57;2988,83;3038,02;2998,2;2991,74;2997,5
2640304;22428,89;22446,05;22272,98;22449,53;22212,46;22496,76
2642453;32464,52;30229,68;31007,56;26294,2;12321,24;10551,92
2643169;2991,78;2925,8;2981,28;2860,56;2898,07;2898,43
2644597;2995,53;2983,24;2946,36;2984,36;2933,07;2976,83
2644601;21910,92;18596,44;20917,43;15028,16;19993,85;18338,17
2645879;1773,7;2226,4;2776,0;2376,6;1787,3;1784,0
2700483;5980,17;5993,36;5984,79;5982,62;5948,07;5969,34
2702354;14613,2;17873,6;17220,8;15541,6;11932,72;17988,6
2710518;83125,84;87760,89;100454,68;100217,54;80979,6;103757,8
2710526;15000,0;14995,9;14994,2;14988,3;14998,0;14990,8
2710683;10067,64;10094,0;10081,78;10074,78;10055,43;10089,77
2711776;2994,4;2998,43;2999,13;2991,38;2997,34;2999,49
2711801;53251,4;55449,97;64105,0;60237,4;53223,41;54037,61
2711865;5527,51;6202,9;4458,51;4301,15;6597,81;4689,51
2711876;5999,0;5998,42;5999,94;5999,73;5999,7;5996,43
2711904;3997,83;3997,46;3999,47;3996,53;3999,25;3998,71
2711943;19705,29;19866,18;20423,54;19996,51;18826,69;19915,25
2713977;3977,23;3865,63;3969,58;3770,94;3643,6;3945,64
2713988;51963,6;55464,0;55140,7;55462,91;55467,6;55445,77
2714343;5499,19;5492,02;5496,63;5492,33;5499,62;5489,59
2714377;1736,0;589,5;725,0;604,0;575,0;750,0
2716044;6683,34;5640,64;5727,57;6019,56;9161,8;6930,4
2716051;464320,61;339451,14;518415,73;359418,97;485538,29;485001,8
2716529;14966,6;14952,84;14917,6;14922,95;14925,84;14966,54
2716547;337490,87;272531,5;197030,29;220984,76;202683,43;135624,29
2719363;14980,34;14993,32;14945,48;14945,48;14984,96;14921,18
2719393;2953,25;2986,4;2911,67;2974,67;2720,35;2962,43
2720031;7994,21;7998,88;7993,52;7990,82;7999,59;7989,88
2720784;19920,77;19751,57;19958,39;19594,95;19903,49;19952,68
2721278;9906,44;9841,1;9906,44;9878,76;9963,86;9813,42
2731697;24989,0;24957,14;24745,93;24680,84;24962,04;24920,51
2733255;9627,16;9996,76;9996,6;9390,84;9965,36;9537,04
2733264;246101,19;253644,18;214275,4;241855,05;180926,34;239804,36
2734863;7995,8;7998,7;7980,2;7995,7;7997,0;7994,1
2740823;170036,73;120245,47;115817,62;106155,54;76551,81;88612,02
2743551;2294,6;2652,7;2332,0;1848,3;2334,5;2636,2
2743833;26931,52;22485,81;23657,08;26361,51;26201,97;22240,95
2744449;22018,87;21724,92;17260,89;17452,2;13295,74;14450,15
2749056;9859,34;9963,66;9815,55;9792,28;9972,73;9753,53
2750770;26207,24;171002,01;127494,44;124170,59;123374,31;119113,75
2762100;586777,69;529933,24;503586,26;530509,86;555566,51;577354,67
2762719;4474,37;4495,36;4494,51;4489,35;4499,61;4497,43
2766709;8490,96;8493,7;8458,58;8485,83;8498,18;8484,04
2778102;12113,18;9347,82;10098,71;10484,51;12539,2;12145,5
2785472;1635,5;1220,0;1708,5;1652,5;1986,0;1657,5
2788551;1423,84;3438,62;3454,65;3056,24;3479,85;3271,73
2791047;11962,76;11993,34;11988,07;11917,55;11999,61;11970,36
2796323;19989,32;19988,09;19888,03;;;
2796877;19998,76;19998,84;19999,51;19990,6;19974,66;19987,92
2802065;14953,4;14988,35;14997,97;14962,16;13579,66;14995,04
2803078;3150,3;2722,4;3659,5;3879,7;3573,2;3889,8
2814224;172,0;;137,6;240,8;344,0;137,6
2814233;3478,2;2985,8;2013,1;3226,3;2927,9;2949,9
2816126;2998,6;2994,3;2995,2;2986,4;2999,8;2998,0
2817654;2998,11;2944,25;2961,92;2977,32;2988,3;2813,86
2820634;40954,61;37007,19;37372,47;39348,6;39657,65;39825,17
2823057;3999,75;3999,23;3998,34;3999,76;3999,71;3999,55
2823084;2910,18;2808,08;2992,76;2984,8;2988,23;2993,36
2824953;2972,54;2990,02;2989,55;2999,65;2995,15;2960,19
2827686;1743,5;838,5;500,7;329,95;440,45;709,75
2827688;4904,57;5783,75;4957,82;4468,0;5353,7;5991,85
2830644;19520,38;19986,43;7275,9;18019,27;18941,63;19974,59
2830665;29631,8;26226,96;30798,6;27222,8;22438,52;35350,71
2832253;2992,53;2997,79;2996,96;2976,96;2985,12;2995,49
2838258;13998,65;13999,83;13998,68;13999,24;13998,07;13999,99
2839289;7903,43;7918,91;7940,75;7934,33;7948,99;7947,23
2841845;5380,82;5499,64;5487,34;5488,58;5495,76;5217,42
2842171;2730,0;3196,0;2725,5;2198,9;3149,5;3078,7
2845123;2964,5;2063,5;333,5;2730,5;2088,0;2189,5
2845719;5256,0;4244,0;4208,0;3480,0;5312,0;4944,0
2848601;2971,73;2599,27;2965,44;2396,13;1340,68;66,4
2848615;2998,4;2997,4;2986,25;2986,2;2991,5;2897,0
2848635;89969,5;89524,26;89955,77;86478,6;89746,49;89650,52
2848869;2992,68;2965,16;2996,27;2953,96;2985,7;2998,3
2868108;9734,9;7790,8;8442,1;9605,3;10990,4;9287,4
2870380;2996,49;2997,91;2999,34;2999,49;2976,08;2982,05
2870489;3976,15;3953,99;3933,81;3868,93;3987,6;3960,97
2982271;3998,5;3926,1;3992,5;3993,6;3999,3;3446,4
2982300;4994,67;4978,84;4993,16;4946,81;4997,22;4995,81
2984001;46106,5;42270,06;48469,5;49928,92;49933,19;49858,44
2985282;36391,22;63842,61;54908,2;36017,79;27181,63;37783,95
2989946;16079,63;14820,85;12336,68;16206,71;7878,35;10005,17
2989952;22609,92;23036,57;23887,89;23824,63;23981,39;22786,81
2992047;2760,3;2505,84;2958,9;2910,79;2932,2;2871,14
2995552;8886,57;8968,82;8987,21;8951,2;8999,76;8964,64
2995582;2865,5;2097,0;2891,5;2951,5;2699,0;2826,5
2996345;2994,5;2992,8;2997,5;2997,6;2995,9;2998,5
2998330;2970,0;2585,0;2970,0;1760,0;2970,0;2695,0
2999117;1897,24;2875,15;5078,72;2433,75;4176,19;2957,42
2999129;26814,36;10219,99;8947,98;16109,43;16451,38;15059,7
2999141;119290,39;94701,98;81867,92;75671,79;149884,74;90626,43
2999757;4449,7;4494,89;4494,49;4471,19;4436,3;4479,71
3000377;73727,29;130570,56;142719,67;174763,87;125278,89;98487,44
3001828;2333,1;1370,2;1089,8;942,0;1220,0;2395,9
3011117;2907,31;2620,66;2801,36;3050,03;4128,74;3103,6
3011818;163286,02;81371,04;117384,37;166593,7;207405,37;127166,71
3030070;379198,8;372360,99;361524,81;374108,98;356979,84;292825,93
3030401;9986,76;9998,77;9962,33;9975,34;9968,26;9972,98
3033058;19977,69;13769,51;19155,51;19995,39;18291,05;19927,9
3034881;13991,0;12984,5;13377,0;13995,0;13995,0;13995,0
3036783;4999,69;4998,09;4881,38;4999,76;4997,9;4843,06
3036808;15516,35;16908,62;15699,51;18077,93;15332,29;15421,9
3038246;12156,45;7426,1;8570,37;19741,7;10703,8;11765,86
3070733;2087262,17;2026038,45;2146434,12;1778384,37;2665164,47;2591485,96
3071797;1534066,8;1119761,87;1723120,08;1611552,36;1516529,09;1847857,67
3072616;15720,13;12635,38;17450,68;16879,43;12945,16;17038,56
3079520;156801,85;131812,64;168052,37;152997,75;167077,95;187288,74
3079607;39883,74;39867,2;39976,88;36487,52;37572,2;35944,56
3080020;365613,76;450835,75;351018,67;418980,28;395035,17;441013,97
3086424;5346,0;4455,0;;8316,0;14850,0;21087,0
3087217;1923011,41;2183700,63;1944612,66;1771370,68;1632303,61;1739087,14
3089681;;200875,48;200561,49;154693,65;178854,69;141889,6
3095112;2950,73;2994,52;2984,68;2999,94;2999,47;2982,88
3095409;6154,24;6230,7;6067,43;6231,38;6134,1;6141,1
3095592;6994,99;6996,01;6997,38;6995,89;6999,59;6997,49
3096509;5580,22;5589,34;5528,53;5583,26;5594,35;5568,88
3096998;7020,0;5864,2;7375,6;6412,6;7046,2;7276,8
3097021;17753,75;22667,97;22485,71;18231,25;16173,31;29383,58
3099963;176801,33;217456,94;144368,76;217515,88;222117,88;222108,42
3102189;2649,63;2969,17;2962,83;2998,27;2885,64;2886,01
3102394;70980,69;70941,03;70881,88;70858,02;70981,03;70997,75
3102647;14119,19;9433,18;9601,17;11557,5;13997,84;13807,49
3103202;39997,1;39998,24;39999,61;39999,4;39993,21;39997,84
3103540;29995,26;27423,03;25288,08;29739,33;29966,85;29973,5
3108068;42157,23;53549,79;28160,7;29356,09;57647,11;42501,42
3109595;5527,4;7128,56;7785,73;9802,08;10510,45;10389,95
3109996;10869,13;11955,8;11979,4;11944,58;11886,26;11950,82
3110340;5614,96;5820,68;3370,66;5150,69;5762,48;6152,94
3110625;22733,99;22902,7;16647,78;22956,39;22868,72;22837,05
3111343;7626,77;7629,59;7625,2;7626,87;7628,66;7626,52
3111449;2999,92;2303,52;2881,11;2981,96;2971,48;2922,55
3111539;2993,54;2998,76;2986,01;2950,7;2957,17;2981,01
3111675;99952,86;99980,06;99901,36;99970,32;99985,49;99900,43
3111676;19999,71;19999,68;19999,29;19999,56;19999,22;19999,81
3111683;3873,71;3999,14;3989,61;3938,23;3998,16;3939,34
3112655;3985,35;3991,62;3979,97;3991,02;3945,98;3994,22
3112743;6309,39;1071,27;9344,78;11538,68;11680,02;14628,66
3113341;2992,23;2972,02;2961,07;2976,85;2992,95;2988,45
3114307;;;2244,01;1165,53;;731,76
3114535;6348,4;6358,35;6356,88;6354,11;6356,11;6356,84
3116639;2998,5;2989,53;2999,48;2990,86;2989,66;2998,79
3117537;2989,12;2983,39;2989,27;2981,23;2992,88;2998,44
3117575;8915,99;8994,17;8997,67;8966,59;8995,47;8846,85
3117947;2993,4;2984,96;2951,76;2995,26;2872,08;2870,67
3117979;2871,0;2755,0;2929,0;2900,0;2813,0;2914,5
3118025;2987,0;2755,0;1856,0;2015,5;1725,5;2320,0
3118034;7499,1;7498,7;7498,3;7493,6;7496,0;7499,2
3118144;6998,45;6991,72;6987,99;6988,45;6973,38;6971,85
3118848;4976,06;4996,45;4879,17;4910,08;4999,85;4947,33
3120144;2998,39;2991,98;2995,21;2990,03;2997,79;2996,4
3120152;4486,5;2536,1;4419,0;2524,6;3007,5;3093,0
3120178;1126,0;1283,0;1457,0;969,0;1258,5;1550,4
3120341;5999,47;5998,32;5930,55;5998,97;5998,31;5999,79
3120702;2991,8;2990,5;2988,5;2993,5;;
3120912;391254,98;403195,44;354401,59;138929,63;99692,61;278117,04
3121169;9518,99;9437,71;10835,71;8086,63;7991,84;9547,48
3121206;12187,85;12188,63;12178,13;12188,67;12189,86;12185,35
3121741;2988,5;2991,0;2986,0;2732,5;2633,5;2525,0
3121743;4993,21;4518,92;4936,09;4930,33;4929,26;4987,37
3121796;3845,59;3971,08;3971,61;3945,74;3989,3;3979,48
3122401;7988,42;7920,0;7970,63;7978,73;7936,7;7958,59
3123018;2941,5;2931,0;2879,0;2944,1;2977,5;2986,0
3123228;3997,0;3994,5;3999,9;3997,4;3997,8;3999,5
3123399;1606,0;1239,5;1797,5;1324,0;1372,5;1749,5
3123766;10575,64;13896,41;14705,3;13868,69;14605,29;12693,24
3124622;9995,9;9974,7;7769,9;9929,25;8552,7;7018,0
3125745;1712,04;1607,44;2548,84;1309,51;1204,91;1779,54
3125826;2720,8;3502,9;3550,4;3637,6;3998,1;3999,2
3125871;4064,5;3248,0;3656,5;4480,5;4299,5;4353,5
3126919;6357,83;6351,18;6354,22;6359,78;6351,28;6359,58
3126921;11455,12;11394,21;11383,34;11472,8;11478,84;11371,51
3126923;2965,92;2871,94;2991,91;2995,91;2960,78;2981,63
3126941;4173,5;4010,0;4110,0;4770,5;4514,0;4321,0
3126945;7499,67;7498,72;7499,7;7499,53;7499,51;7499,89
3126961;16086,86;11259,59;3821,02;10137,26;14351,71;17786,67
3127853;9994,15;9926,89;9944,36;9987,32;9948,52;
3127892;14957,49;14921,9;14964,89;14767,91;14984,78;14764,18
3128258;2689,18;2959,36;2091,03;2972,98;2272,18;1793,64
3128361;2990,3;2985,54;2994,1;2997,45;2997,6;2996,98
3128997;17996,87;17623,91;17994,06;17985,45;17994,05;17998,84
3129200;4489,14;4475,58;4480,73;4386,46;4490,74;4455,43
3133038;19883,27;19939,49;19880,17;19914,81;19902,62;19937,74
3135431;7829,67;9779,91;10550,99;9910,72;10245,57;6767,05
3135682;7884,08;7882,89;7904,23;7830,45;7850,76;7912,29
3136936;1826,0;1257,8;1704,6;1547,8;1536,0;1692,8
3137058;4736,7;4985,21;4982,63;4986,84;4997,06;4976,49
3137099;69200,1;55929,38;54215,37;53953,3;53606,5;52083,7
3137635;19992,74;19993,58;19992,9;19991,49;19989,9;19966,93
3139058;6996,24;6978,17;6979,19;6960,09;6999,41;6980,37
3139568;1049,72;1592,6;527,61;1592,38;1754,11;1730,65
3139760;2997,6;2934,5;2958,7;1422,5;2956,4;2966,9
3139771;67967,07;67897,39;67877,03;67721,63;67061,63;67827,03
3139820;14350,88;13481,23;14362,41;14016,92;14343,95;14767,04
3140035;2245,0;1495,2;1994,7;2010,3;2797,7;2653,3
3140223;14448,15;11499,76;12952,1;11995,94;10563,4;10366,41
3140828;2980,65;2999,8;2965,39;2983,05;2999,41;2971,14
3141392;5647,5;5679,5;5078,5;5501,5;;
3143682;8979,7;8985,35;8990,45;8996,24;8975,54;8991,91
3143711;4995,0;4996,0;4978,3;4984,0;4997,7;4993,6
3143751;3999,1;3996,1;3971,5;2811,3;3778,0;3305,0
3144067;42180,02;41465,79;31713,91;27147,02;39424,17;21669,29
3145106;2710,5;2186,5;2036,5;2012,5;203,0;
3145269;182161,41;168227,55;167807,6;147770,8;152368,05;153088,07
3146853;1766,2;1478,2;1641,1;1555,5;2081,9;1621,1
3148913;32059,2;33739,79;24574,22;25100,17;38283,24;23133,16
3149974;2035865,48;1927142,77;2111951,79;2214918,78;2046935,45;1995048,11
3157164;2998,34;2998,34;2997,55;2999,84;2999,52;2998,06
3159145;1831095,26;1792468,71;2047311,82;1665249,12;2288655,27;2094968,58
3159294;29975,51;29979,03;28596,05;25311,03;28190,16;24538,84
3159596;9997,59;9966,33;9995,81;9995,23;9937,8;9908,74
3163791;2989,45;2979,84;2974,84;2956,44;2990,42;2979,68
3164416;2878,2;1950,4;2435,0;2332,0;2079,6;2999,2
3164852;68930,7;68593,68;64863,16;66641,3;68953,8;57335,88
3165318;23486,89;15420,04;17975,44;17721,01;14360,4;17984,3
3173658;3994,88;3998,57;2937,21;3998,21;3976,25;3973,01
3177447;16974,29;16892,18;16980,85;16967,23;16990,86;16916,67
3177829;7493,16;7498,42;7487,61;7490,21;7494,2;7490,35
3180425;6772,37;7212,25;5931,22;9967,81;8568,93;8336,55
3181806;24774,41;24423,29;24644,74;24942,48;24976,96;24906,58
3181817;46058,34;47810,58;49743,49;44929,07;46705,27;48562,98
3185028;2999,7;2999,3;3000,0;2999,5;2980,3;
3185602;9997,5;9998,0;9978,0;9998,0;9991,0;9990,0
3186866;8702,12;8567,62;9974,97;8607,37;9907,65;6851,67
3263729;2993,95;2998,1;2995,68;2999,88;2998,85;2999,97
3265507;49609,53;49992,77;49899,18;48909,71;45493,0;49988,91
3267259;14962,1;14236,75;14803,53;7308,33;14821,67;14602,24
3267375;52623,04;53340,4;54214,79;54102,68;53797,5;51075,82
3267400;9799,43;7946,4;8408,51;14353,57;11589,14;7512,6
3267655;29920,4;29954,12;29862,16;29859,34;29954,91;29979,97
3267827;1747735,5;1803085,61;1766271,91;1927755,38;1954815,6;2309894,94
3277185;31337,51;31368,92;34538,81;29657,57;35032,86;32828,22
3279713;24980,09;24994,88;24983,7;24968,56;24985,22;24994,51
3279886;233159,47;234112,38;234139,57;234101,28;232635,31;229937,4
3280063;9975,9;9964,98;9978,74;9935,06;9993,13;9853,82
3280559;2829,06;2647,35;2551,15;1876,87;2921,68;2908,83
3281506;2935,53;2549,85;2874,71;4212,19;3894,37;2837,21
3283334;3637,71;3444,3;2744,72;2201,22;2089,8;3670,96
3283503;24961,78;24922,04;24667,97;24708,14;24684,64;24983,33
3283523;;73770,0;68520,0;75300,0;74090,0;81410,0
3283578;360095,45;401767,85;259403,97;246299,77;238303,02;219064,07
3284165;25374,0;25424,63;25289,29;25391,43;25335,21;24429,46
3284381;11499,58;11498,03;11497,56;11498,22;11497,77;11496,33
3284414;39967,47;39986,77;39962,49;39988,42;39980,43;39997,43
3284733;17508,15;17723,89;18345,91;16211,86;17935,17;20231,57
3284740;1197870,3;1038512,12;1081669,84;1155178,91;1223342,2;986084,39
3284842;5984,77;5904,12;5957,21;3955,2;5906,52;5914,69
3287887;24993,8;24998,9;24990,2;24998,6;24986,6;24995,6
3294252;8477,68;13304,96;13709,1;27789,93;11292,58;24064,23
3294649;2996,46;2998,35;2999,65;2996,31;2999,96;2999,73
3295774;2620,84;4251,64;4149,64;4596,44;3029,68;5855,16
3297881;9421,11;7810,71;8783,67;10422,84;10600,02;9641,59
3299293;28339,18;29221,93;28002,27;27403,67;29962,11;29715,79
3299496;14995,0;14966,4;14900,3;13214,9;12710,5;14978,3
3300559;2224,0;2422,5;3305,2;3485,6;3494,4;3496,6
3300638;2989,18;2987,08;2966,42;2964,0;2987,53;2985,69
3302653;27297,08;25528,98;25312,17;24619,4;25876,24;25677,14
3303485;1240,65;999,15;688,18;941,7;484,16;764,37
3303562;2993,5;2969,5;2993,5;2994,0;2940,5;2991,0
3303616;363,8;744,3;1143,8;744,5;153,1;330,25
3303628;342927,72;329477,74;342679,71;372344,91;388235,94;371492,27
3304116;37144,53;29447,65;32003,26;31540,94;35554,54;35595,55
3304186;6961,46;6981,04;6959,97;6953,18;6998,34;6986,35
3308042;5811,46;5952,04;5984,03;5986,55;5989,84;5998,04
3308229;2980,18;2969,79;2961,3;2912,54;2997,88;2997,87
3309038;7599,5;4472,0;3807,5;3297,5;7475,5;14819,0
3309075;6655,2;7542,56;6877,04;8873,6;6655,2;7222,08
3309259;2998,9;2975,82;2970,87;2667,83;2992,89;2975,74
3309420;4993,73;4994,83;4988,96;4970,99;4994,24;4972,77
3309487;1101,0;1536,0;725,0;1740,0;1595,0;1305,0
3309785;29995,12;29988,43;29996,36;29986,75;29978,18;29993,56
3311386;9391,08;6453,68;8512,84;7917,0;8785,0;11216,36
3311828;131722,2;120830,8;149134,34;111672,6;118635,47;142169,43
3311992;2049,0;1870,0;1954,5;2404,0;2703,5;2532,0
3312042;2997,43;2988,33;2998,51;2998,72;2997,84;2969,55
3312048;7973,96;7986,42;7882,24;7875,19;7971,24;7989,63
3312055;660,0;715,0;715,0;880,0;495,0;605,0
3312200;2404,42;1579,87;2998,83;2131,84;2622,71;2187,76
3312210;5991,63;5999,83;5998,06;5989,64;5995,69;5983,44
3312229;2998,9;2740,0;2420,8;2371,1;2997,1;2991,0
3312259;43472,85;40093,78;42304,32;41338,67;44082,47;43114,54
3312527;2841,28;2864,14;2792,64;2589,97;2037,95;2295,1
3312585;1172,75;754,4;515,9;1205,5;786,15;1153,5
3330316;7421,38;5136,78;5273,44;4507,87;7994,3;6834,81
3330346;403644,61;341318,38;357802,7;465315,26;520364,53;562897,65
3331036;94962,9;80736,03;56783,77;58196,69;67789,6;51160,42
3333575;7259,8;6250,7;7375,5;8461,7;6410,0;6562,4
3333588;2956,24;2994,31;2947,43;2981,66;2887,96;2900,9
3333951;9995,01;9977,34;9194,13;7423,18;8870,37;6113,72
3333960;4972,91;4917,6;4965,78;4986,63;4961,52;4998,19
3334288;2991,84;2996,39;2997,18;2995,47;2991,58;2991,26
3334292;26709,28;26705,08;26707,02;26707,53;26707,97;26709,5
3336308;9246,14;10894,78;10954,53;10990,2;10952,26;10605,32
3336370;44777,33;44184,16;44371,87;44781,82;44808,72;44804,73
3336440;831,8;505,7;594,65;1050,3;643,2;702,2
3346199;3998,18;3989,35;3982,71;3950,09;3897,25;3976,98
3346234;10566,32;10597,36;10268,82;10595,07;10597,58;10596,24
3346243;14915,53;14970,22;14933,68;;;
3346245;2997,77;2957,84;2960,89;2901,35;2767,73;2766,55
3346377;11977,13;11989,99;11931,63;11904,33;11987,56;11788,03
3346900;19966,3;17807,51;11298,38;15712,02;17942,0;17209,55
3350246;36581,12;25573,66;28274,99;33713,04;29377,88;29321,3
3350260;7971,08;7951,27;7970,03;7916,63;7538,56;7959,74
3350410;24700,16;24899,79;22154,19;22927,88;24705,97;24997,21
3350890;8040,68;5720,53;6697,48;6559,51;7144,43;7349,84
3350900;36144,64;20357,96;18521,3;22301,47;25251,67;18339,25
3351554;16851,5;17865,0;17452,5;17872,0;17100,5;15549,5
3351806;1927,14;1965,65;1929,44;1572,91;1932,65;1930,07
3355286;2999,45;2997,06;2998,85;2999,9;2999,52;2996,45
3355737;19813,92;19963,69;18070,0;13668,32;19474,72;16598,08
3360113;18945,56;20879,14;17921,41;17419,45;19586,43;13538,6
3360224;6953,28;7018,13;7017,16;7031,74;7029,44;7037,8
3360378;2991,65;2997,01;2996,36;2988,26;2978,56;2997,99
3360389;365632,37;323463,8;283939,35;343312,63;261151,19;303698,52
3360448;2997,33;2996,3;2977,5;2998,29;2995,44;2950,34
3361440;4646,76;4610,88;4919,62;4796,56;4605,76;4533,98
3361457;5522,5;6853,0;8129,5;9643,5;9309,0;9595,0
3361517;29998,33;29998,35;29997,92;29983,28;29998,04;29999,87
3362545;625085,25;651848,2;640854,22;744451,8;613274,78;620673,19
3362566;13490,7;13022,56;14922,58;13600,42;12635,58;13611,32
3367943;24795,43;24758,83;24988,74;24930,39;24956,99;24895,96
3368158;550781,23;497544,91;357048,79;392773,17;437083,95;328111,35
3369340;149952,25;203993,82;155839,59;208592,45;235615,3;206749,18
3369367;2385,78;2386,56;2192,82;2356,18;2431,48;2373,36
3370160;7496,79;7499,97;7496,33;7495,71;7498,23;7491,87
3370246;2998,98;2997,88;2989,25;2995,77;2993,44;2998,12
3370255;2996,0;2726,0;2943,0;2532,5;2477,0;2984,0
3375620;23493,5;15172,41;22163,59;21966,12;31965,85;31981,31
3379397;2668,0;2117,0;2001,0;2063,9;2929,0;2176,2
3380668;6291,99;6295,12;6299,63;6293,85;6294,83;6279,68
3381784;2265,5;632,0;1689,5;1895,0;1579,5;1469,5
3382682;2958,68;2986,93;2987,51;2935,39;2979,34;2925,81
3382848;14971,7;14884,7;14931,57;14769,4;14786,32;14865,09
3389638;2985,6;2010,5;2506,0;1572,4;1067,7;860,0
3389651;2818,7;2297,6;2388,2;2285,2;2670,7;2022,4
3389683;10335,2;9843,92;11476,77;11478,9;11454,24;10521,84
3389983;3961,65;3972,9;3944,48;3986,53;3933,96;3909,25
3390006;5944,32;5971,0;5999,32;5833,1;5964,34;5995,66
3390013;1280,2;1378,82;804,39;1446,72;1435,37;1418,25
3390024;9987,88;9525,99;3853,39;9397,01;9963,88;7415,28
3390090;27752,15;27751,73;27830,82;27854,32;27784,89;27763,59
3390101;315,0;;;;;
3390145;2957,44;2950,06;2997,52;2998,9;2979,82;2989,14
3390441;9092,04;11988,44;10699,92;11965,84;11965,68;11785,08
3390442;215558,75;234118,63;219976,04;234096,73;234088,92;233844,86
3391029;8962,05;8979,1;8996,15;8980,65;8938,25;8998,5
3391072;1811,42;987,94;1376,22;1492,65;1506,54;1432,02
3391113;109958,55;109953,51;109950,27;109998,1;109990,1;109975,14
3391114;2994,14;2995,09;2998,46;2998,15;2999,87;2999,1
3391121;2928,7;2994,44;2986,36;2968,12;2959,84;2997,16
3392033;7945,42;7949,33;7949,62;7796,81;7941,73;7949,39
3392693;1523,61;1523,61;2311,72;2165,13;2953,24;2515,89
3395324;2995,36;2990,06;2998,83;2999,79;2624,26;2858,05
3399006;1496,4;1481,11;1495,81;1498,9;1490,12;1419,72
3403755;15047,4;14858,8;16547,9;17652,6;17778,2;15967,48
3405351;5335,0;4510,0;3630,0;3685,0;5005,0;3850,0
3405871;2955,29;2975,07;2936,14;2903,85;2914,24;2231,42
3406349;9998,36;9997,19;9992,78;9974,95;9995,85;9989,35
3406352;11995,21;11973,53;11569,02;11781,17;11998,47;11972,79
3406374;2987,09;2840,77;2975,04;2371,77;2967,42;2993,8
3406385;10961,8;9463,4;7334,6;9214,2;10895,3;7908,8
3406647;2964,19;2904,81;2962,65;2964,13;2950,27;2855,43
3409958;9978,92;10004,51;9962,91;9991,65;9567,01;9765,44
3409960;13376,02;14559,84;15116,95;17858,39;18315,56;15188,9
3410989;2975,56;2999,51;2943,23;2979,59;2970,43;2965,44
3410992;2905,58;2787,58;2978,79;2904,87;2966,62;2957,46
3411303;5886,72;6219,22;7020,86;8043,02;6653,69;7799,9
3411378;1369,65;1482,6;1476,77;1465,58;1340,07;1466,9
3411401;13096,62;13852,81;11897,74;13579,14;10177,99;11191,3
3411737;4331,89;5186,08;5092,54;4084,56;5252,16;4486,81
3415466;2899,66;2912,4;2978,6;2999,04;2986,0;2987,78
3415471;31250,18;31428,74;31437,43;31371,27;31173,35;31316,09
3415680;1584,43;1544,1;1356,35;816,48;1037,08;3142,85
3416833;2947,06;2983,69;2984,85;2989,92;2975,36;2991,61
3417143;9945,21;9931,64;9888,57;9873,94;9997,04;9996,8
3417233;2991,5;2993,5;2986,5;2535,0;2998,0;2979,5
3417244;2786,13;2727,71;2420,98;2572,92;1713,89;2968,04
3417257;1658,58;2738,43;2300,25;1734,84;1735,28;1766,42
3417428;32752,96;26518,28;27765,66;29928,12;34316,44;37024,03
3417444;19916,0;19923,2;19992,7;19960,6;19948,9;19914,5
3417451;277508,89;252892,77;225945,94;238098,38;223039,96;195130,9
3417590;19974,72;19432,25;19926,31;18820,89;19988,95;19994,14
3418667;2986,72;2859,02;2895,71;2972,52;2934,44;2984,43
3421933;2952,42;2954,46;2998,89;2964,96;2927,18;2972,27
3422857;2871,43;2909,64;2827,46;2974,06;2823,59;2852,23
3425604;14889,38;14999,24;14972,74;14952,44;14992,68;14986,24
3425959;17891,4;19907,12;18482,66;19995,73;19107,69;19707,24
3426408;640377,57;647352,55;687780,34;610674,65;824495,84;596378,26
3429064;4981,6;4993,9;4996,0;4995,46;4997,1;4997,86
3432170;14165,85;16630,0;16751,24;15828,56;14541,86;20231,53
3433879;29598,5;21947,5;34358,0;30190,0;33613,0;27166,0
3438609;5923,68;5944,2;5877,38;4231,37;5853,72;5926,63
3438631;5997,25;5992,17;5953,86;5989,77;5995,73;5952,16
3438642;2996,44;2999,4;2997,2;2999,1;2999,89;2999,38
3440376;2767,5;2169,0;2127,0;1604,5;2327,0;1980,0
3441195;2998,5;2998,3;2999,2;2948,9;2994,5;2938,8
3444847;9938,16;9531,16;9383,16;9531,16;9255,8;8902,16
3446195;28013,2;25613,59;26244,1;30401,18;36319,26;28036,8
3450834;64148,52;96590,76;41310,4;89913,55;99458,27;73120,85
3450857;2854,72;2972,11;2999,06;2855,43;2947,27;2678,2
3454528;200438,79;202610,16;423672,26;389176,45;415623,85;293780,68
3454532;34992,22;34994,56;34996,86;34980,06;34949,38;34999,43
3454594;3032,8;1772,4;1755,5;2334,0;4254,0;3051,5
3454734;29977,91;29925,07;29936,97;29896,98;29970,25;29947,87
3454763;3248,07;3036,45;3303,66;2447,33;2670,39;1994,59
3454783;19975,12;18212,47;17245,88;24709,46;19785,0;19363,54
3454791;3128,0;1180,0;3060,5;1714,5;3168,5;2483,5
3455021;19975,88;19991,82;19997,86;19977,55;19985,36;19982,73
3457969;249,4;318,2;410,3;543,1;335,4;180,6
3458626;9926,1;9945,09;9980,73;9999,92;9936,07;9938,95
3460492;889,0;304,5;200,5;101,5;227,0;558,0
3464886;3979,23;3966,73;3999,83;3929,33;3991,49;3970,73
3465437;2987,0;2987,0;2987,0;2987,0;2987,0;2987,0
3466166;11890,26;11996,94;11963,61;;;
3466175;12840,21;12797,56;12854,47;9315,9;16726,12;12994,86
3466184;3998,68;3995,69;3975,76;3988,24;3999,76;3985,36
3466224;536,5;430,0;894,0;804,5;1191,0;1186,5
3467139;7489,5;7489,0;7499,5;7491,5;7489,5;7495,0
3473057;2945,06;2993,52;2974,65;2901,19;2986,14;2987,57
3473092;2254,36;890,12;534,08;2165,24;1830,16;1242,1
3478332;24979,19;24960,95;24992,45;24990,39;24991,5;24971,48
3480196;2992,02;2986,22;2998,54;2999,66;2996,8;2995,55
3480352;110,4;48,3;496,2;187,4;77,0;414,4
3480705;4981,97;4981,67;4995,81;4991,72;4998,04;4999,17
3480720;4306,83;2072,33;3453,55;2990,47;3462,88;1771,05
3480736;2372,5;2054,0;2694,0;2513,0;2993,5;2080,5
3480762;2985,21;2959,73;2996,94;2985,34;2949,55;2912,12
3480785;19992,63;14593,84;19989,42;19868,78;19953,16;16012,89
3480809;47395,66;50071,92;49028,28;53168,87;54319,63;55341,91
3480918;1462,0;1964,0;2994,0;2329,0;2989,0;2356,0
3481184;24914,4;24746,81;24925,2;24984,15;24604,83;24664,75
3481713;2830,32;2246,4;2201,76;1996,4;1851,76;1457,12
3484240;27172,2;26324,1;24882,2;25812,7;26514,2;27510,8
3487996;19959,46;19930,98;19972,72;19972,72;19972,72;19972,72
3493168;49969,32;49949,58;49917,74;49961,69;49934,98;49947,24
3493262;10604,13;10636,22;10698,28;10697,22;10460,65;10062,43
3493987;10498,86;10458,78;10485,06;10139,04;10364,94;9911,48
3494078;5733,16;6055,12;8883,97;5362,59;9013,23;4942,65
3499131;39993,74;39933,38;39993,82;39997,78;39985,26;39992,16
3502808;96798,37;95698,7;101785,22;88789,53;94340,11;97896,37
3506594;8874,94;8378,6;6812,46;18688,09;11619,58;6891,53
3508720;2750,0;1870,0;1265,0;2805,0;2860,0;2530,0
3511423;4999,58;4998,21;4997,23;4958,93;4157,77;4968,26
3512132;117150,94;105026,96;119920,93;106482,74;119888,28;111348,5
3513104;4067,72;5948,16;5312,2;3631,67;4920,93;3336,28
3513159;3988,88;3983,58;3307,04;3990,18;3995,87;3995,91
3513384;2983,36;2992,14;2920,39;2996,37;2998,35;2996,44
3513893;995,57;836,0;1307,31;2340,02;2716,96;1927,52
3514189;2536,22;2958,62;3696,31;2909,39;2881,73;1641,7
3517488;17963,22;17769,44;17376,74;15529,64;17953,8;17933,1
3521553;5885,0;6655,0;5280,0;4455,0;5885,0;5390,0
3522711;7083,1;7329,24;7053,91;7387,19;5651,09;7483,29
3524403;3961,77;3997,45;3999,97;3998,21;3998,41;3998,11
3525150;5859,8;5952,2;5992,9;5996,1;5990,6;5996,0
3525282;2384,0;2988,5;2996,4;2911,9;2991,26;2461,9
3525533;1531,0;2229,0;2629,0;1939,0;1680,0;2177,0
3525564;10040,33;9344,54;9626,45;9665,97;9543,52;8910,11
3528706;;;;1105,37;1097,08;1179,68
3538534;137124,52;503401,23;181109,44;448349,64;314782,26;211395,22
3543842;2937,39;2962,57;2970,67;2959,14;2940,53;2936,56
3559237;39949,56;39995,59;39985,86;39961,34;39738,64;39906,8
3604134;3643,16;2919,16;2905,32;3236,0;3068,58;3826,28
3606133;24220,1;29640,67;18202,11;23455,68;21017,38;14305,85
3607063;5762,4;4370,46;4489,25;4960,68;5580,32;5038,1
3607971;6835,5;2608,5;2498,5;6835,5;55,0;2818,0
3613278;4172817,69;4128553,71;3838187,47;4554669,07;4502299,74;5439933,57
3616800;21156,68;18037,7;19866,49;20460,12;23350,31;22311,84
3617575;13094,1;15404,82;16576,36;12642,71;17104,33;12124,45
3617882;2995,0;2995,0;2999,0;2980,5;2995,0;2997,5
3620216;69991,06;69852,01;69930,62;69928,74;69957,56;69985,37
3620960;7007,38;6190,04;6480,94;3596,0;6262,0;5419,16
3621922;3906,0;3348,0;3720,0;3472,0;4030,0;3782,0
3622190;15824,88;15722,36;10446,5;18018,31;17840,6;15036,37
3624393;5996,82;5931,73;5917,11;5921,6;5858,55;5533,65
3624705;18999,0;13210,35;18970,7;15500,95;18416,25;12265,1
3624793;14500,0;14500,0;23200,0;20300,0;17400,0;5800,0
3624823;4816,64;4995,45;4984,82;4965,83;4970,85;4991,14
3624831;31554,83;29105,1;29300,67;27479,75;25009,8;27385,99
3625611;4001,06;4400,68;3532,5;3377,4;3204,85;3753,82
3626096;24995,24;24997,49;24999,41;24999,33;24999,44;24997,18
3626332;19977,48;19954,69;19997,23;19992,5;19982,53;19964,03
3628283;51491,6;47427,98;41268,94;35452,98;43850,05;42017,78
3634489;335028,2;192836,65;192044,62;198037,72;238747,64;215192,47
3639093;6760,88;7622,7;12550,0;5110,0;3440,0;3200,0
3642825;2997,37;2948,91;2986,55;2991,84;2952,13;2977,53
3647563;39414,33;39387,2;39194,87;39367,26;39277,05;39429,78
3650012;4998,25;4997,7;4840,99;4873,81;4975,26;4994,54
3650820;5559,88;8153,21;11678,76;14423,2;20259,37;12614,96
3652654;2434,4;2619,1;3574,2;4384,8;4011,1;5551,6
3652804;8634,33;7913,86;7833,17;11494,0;11088,88;8585,96
3674265;131554,1;10600,0;31650,0;15880,0;20680,0;1840,0
3674324;2158,5;2055,5;2501,0;1770,0;;
3674698;51850,21;51941,75;51793,98;51735,06;51837,11;49226,49
3675393;24996,22;24963,69;24865,31;24994,8;24951,49;24945,23
3677789;2755,8;2796,49;2945,36;2976,43;2996,76;2896,74
3677827;1822,0;1727,5;1667,0;1534,0;2993,5;2022,5
3681143;11792,58;11765,96;12146,87;11555,57;11794,7;11577,31
3682498;1227,0;952,0;1014,5;666,5;901,0;900,5
3685407;630,86;;;;;
3685725;5989,1;4984,7;5147,5;5763,3;5995,3;5987,2
3685905;8992,21;8992,92;8983,33;8958,21;8989,13;8998,73
3686082;18717,62;19775,2;19554,34;19860,08;18996,17;19664,5
3689899;46583,6;42861,0;45180,7;42983,3;49601,3;42419,6
3690179;2382,42;1257,8;1829,45;1910,41;2304,54;869,6
3692041;8965,0;8030,0;8965,0;6985,0;8965,0;6655,0
3696326;13446,55;13433,4;13490,01;13470,26;13476,78;13485,69
3696331;2065,85;2841,97;2438,7;2934,04;2994,21;2905,72
3697068;18000,0;16800,0;19040,0;18960,0;22320,0;21040,0
3698012;15078,98;12836,0;15448,16;15603,88;15649,34;15653,04
3698060;3520,0;2805,0;3520,0;2695,0;4235,0;3080,0
3698286;1705,0;1430,0;1980,0;825,0;660,0;660,0
3698601;2750,0;1540,0;2695,0;2970,0;1760,0;2530,0
3702122;1595,0;1375,0;990,0;1155,0;1925,0;1265,0
3702131;72806,0;78840,0;92866,0;33152,0;82534,0;35592,0
3702234;2975,19;2998,16;2994,37;2983,17;2994,89;2983,09
3702244;2642,7;2136,4;;690,36;5977,7;4045,61
3703725;14728,1;14924,5;14916,52;14520,68;14930,28;14914,8
3703770;6616,0;5488,0;6896,0;7752,0;6626,0;5148,0
3704556;11969,94;11973,44;11663,44;11994,52;11993,28;11948,86
3709466;19850,24;19953,45;18854,84;18626,98;19993,16;19995,18
3709595;24745,25;21751,64;24722,76;21882,02;24628,42;23965,81
3710314;3080,0;2805,0;3520,0;2750,0;4125,0;2750,0
3710364;2913,25;2915,0;2970,0;2860,0;3410,0;3300,0
3713405;9922,8;9986,8;7563,04;9577,28;9973,52;9871,6
3713441;7498,43;7482,31;7499,38;7499,05;7492,08;7483,64
3713527;4530,38;3451,38;2926,0;2684,0;3878,98;2673,0
3714115;820265,11;771764,21;778791,66;775314,84;868682,0;996051,38
3714271;49628,74;62127,28;47567,56;43722,34;52116,18;61484,84
3714343;1870,0;2750,0;2475,0;1870,0;2585,0;2475,0
3715031;3304,83;1776,3;1843,48;1691,95;3638,32;1486,32
3715162;55127,24;50070,11;45379,09;53546,02;55988,59;55185,21
3715871;1174,15;546,77;611,93;1945,63;1946,52;1984,95
3717933;3962,88;3995,9;3967,38;3988,67;3963,56;3998,77
3717959;8999,52;7462,79;8462,16;8372,84;8679,71;8901,44
3718871;5610,0;4895,0;5280,0;5335,0;6270,0;5280,0
3720141;7465,77;7488,56;7490,84;7466,96;6493,17;7490,47
3720371;6985,0;5940,0;4565,0;4070,0;4840,0;3795,0
3720386;17305,14;17351,36;17334,52;17354,82;17318,05;16135,48
3720392;3570,08;1538,36;906,68;1689,2;814,26;590,84
3722685;4876,12;5383,52;3588,8;3814,2;4029,72;5752,12
3722690;15000,0;15063,1;14907,9;14995,5;14987,8;12645,2
3722706;9819,36;9921,92;9960,36;9918,8;9667,24;9459,67
3722712;14974,25;11835,43;12946,26;12614,54;14999,57;14980,32
3722813;14784,5;11576,8;14970,09;14948,96;14688,66;14969,96
3722822;9098,64;8288,68;7585,12;9164,0;10265,6;7865,08
3723352;163726,38;166247,27;161213,17;151982,15;147891,44;159373,56
3723425;12999,0;12979,5;12989,5;12954,5;12996,5;12998,0
3723757;9992,96;9996,96;9993,92;9999,76;9993,68;9994,0
3723761;7979,3;8689,8;5460,82;5515,5;7095,65;3494,9
3724098;2,75;155,89;546,28;151,89;292,08;152,75
3724264;2967,85;2984,53;2989,97;2992,14;2992,39;2975,32
3724340;11980,25;11997,3;10631,83;11925,78;11997,79;11978,77
3724362;30972,26;30450,68;29061,78;30068,44;30194,34;30333,38
3724462;2994,03;2997,39;2999,58;2959,26;2959,19;2956,63
3724621;2995,78;2917,8;2930,41;2869,47;2924,99;2967,89
3724663;7341,47;8907,67;5782,17;7049,92;6317,15;7403,33
3726087;2982,73;2984,87;2985,19;2986,4;2983,01;2992,24
3726147;2998,75;2998,97;2999,31;2924,35;2552,06;2990,32
3726326;7381,18;11493,62;9796,88;13852,52;10713,41;14276,56
3726668;59879,36;59588,81;59734,1;59811,94;59438,76;58703,46
3726802;10431,39;12663,49;13722,71;10118,24;18215,24;19454,16
3726892;3490,43;3347,93;3389,19;3435,27;3322,24;3478,47
3726946;2416,56;2497,78;2422,75;2385,49;2454,12;2394,34
3727295;4988,39;4973,35;4997,66;4902,75;4894,69;4995,18
3728135;137274,39;129230,22;115328,78;118204,62;128146,05;150837,03
3728158;4999,8;4998,6;4996,7;4999,7;4997,6;4992,6
3728696;1691,9;2835,15;2908,84;2473,01;2981,38;2997,71
3728864;690,16;811,71;675,18;1098,5;;
3728887;8663,68;10018,24;10862,22;10014,8;12594,24;8903,04
3728998;31985,52;32448,74;32359,86;32262,2;31474,98;29835,93
3729290;2614,0;1729,0;2510,5;2772,5;2691,5;1964,5
3729726;19984,62;19996,05;19991,63;19984,17;19921,73;19999,55
3729905;3341,5;3454,0;4002,0;6907,5;4757,5;3745,5
3729929;308660,34;308654,17;308077,97;308657,6;308389,11;308609,76
3733012;2999,23;2946,35;2247,58;2461,49;2996,16;2999,09
3733044;2995,4;2985,9;2987,8;2995,0;2996,4;2998,8
3733226;2976,27;2964,87;2978,0;2853,99;2982,35;2966,46
3733342;1674,66;1066,9;972,38;2338,86;1075,3;2339,64
3733746;2989,81;2978,47;2994,36;2952,65;2947,57;2887,44
3733904;6965,0;6950,5;6967,0;6923,5;6977,5;6952,5
3734194;2968,26;2999,5;2955,68;2993,86;2996,52;2999,46
3737680;9995,4;9999,5;9991,0;9969,6;9882,5;9989,6
3738484;11982,96;8613,57;11806,07;11107,43;10859,33;9614,96
3738930;2725,47;2933,79;2938,13;2984,15;2634,12;2953,87
3739306;34835,06;40241,57;29118,34;35822,47;35921,65;31331,74
3739633;2996,89;2993,44;2742,1;2992,34;2992,18;2964,2
3741445;2967,43;2354,66;2253,78;2371,84;2663,21;2938,09
3741456;2493,49;2482,75;2497,82;2442,57;2492,34;2498,14
3742050;2992,8;2992,8;2992,8;2992,8;2992,8;2992,8
3742058;6985,0;6820,0;6985,0;5555,0;6985,0;5005,0
3742576;9961,72;9978,28;9947,72;9999,4;9950,12;9949,92
3742625;4994,8;764,5;;;;
3742646;21681,0;22275,0;21384,0;10098,0;8316,0;5049,0
3742720;15603,84;15650,49;15648,4;15630,17;15643,44;13696,67
3742856;4092,5;3059,5;3616,0;3680,5;2948,5;3789,0
3742913;26212,0;21890,0;24969,0;20405,0;23199,0;22494,0
3743180;15996,66;15999,5;15997,3;15988,94;15998,5;15998,86
3743353;814,76;1678,46;2199,43;2203,28;2245,52;1395,03
3743587;7496,5;7482,0;7380,5;7235,5;7496,5;7453,0
3743672;4996,36;4944,44;4991,04;4893,36;4037,48;4934,8
3743832;2965,6;2990,4;2995,55;2990,83;2992,25;2739,5
3744032;7574,58;7442,71;7568,85;7481,87;6881,16;6499,6
3746491;77136,42;78805,63;86607,53;74915,94;97503,33;87447,29
3746511;129601,43;120554,19;127286,73;121386,59;131575,81;117015,51
3746567;19976,8;19801,0;19997,0;19993,1;19993,1;19982,5
3747140;5493,58;5499,18;5494,84;5484,02;5446,24;5490,28
3747570;17169,26;13955,42;16177,4;16319,05;17512,34;17301,28
3747608;11992,2;11992,63;11992,51;11998,75;11978,19;11996,5
3747914;4999,7;4994,1;4993,7;4998,8;4995,3;4987,9
3749823;2771,5;1996,0;2442,5;2063,5;2954,5;2085,0
3749880;7643,24;4466,36;5930,76;5525,68;6921,94;6565,54
3749886;3996,42;3963,46;3965,96;3983,66;3987,64;3996,04
3749920;2998,6;2993,71;2995,12;2996,12;2991,97;2997,45
3750329;8982,63;8981,83;8998,04;8971,05;8969,05;8950,82
3750347;19979,15;19967,69;19989,93;19983,18;19818,8;19906,0
3750628;19439,12;19486,94;19423,96;19480,22;19454,26;19474,2
3750644;3948,6;3972,0;3806,0;3970,22;3967,76;3773,0
3750793;44985,25;42199,23;51069,81;45816,71;51492,0;51142,14
3750991;14985,6;14982,8;14951,8;14985,6;14948,8;14988,2
3751034;52201,54;53990,98;52913,68;53820,44;53921,11;53937,98
3751046;2989,0;2254,39;2990,55;2751,65;2925,78;2984,19
3751580;2804,8;2972,6;2985,6;2989,6;2996,0;2990,8
3752751;9948,52;9947,74;9732,14;3262,0;6598,44;8155,18
3754887;5987,17;5998,45;5996,29;5605,34;5985,27;5956,88
3755336;2993,31;2999,65;2996,56;2997,04;2999,26;2992,9
3755343;14998,23;14730,1;14514,21;14792,52;14846,63;14622,58
3755473;2742,4;2490,1;2651,4;2455,5;1321,3;1711,3
3755711;8938,44;8978,84;8954,26;8970,53;8962,21;7715,98
3755792;3586,63;2871,41;2083,9;2733,07;2419,58;3209,8
3756328;29985,4;29997,1;29999,84;29980,12;29977,14;29991,57
3756440;6986,6;6995,0;6999,7;6998,9;6996,46;6998,66
3756501;386042,61;437795,94;458177,2;502875,43;553532,99;553940,69
3756663;3998,39;3990,17;3867,5;3976,0;3976,68;3993,62
3759117;6225,38;3757,32;7017,38;5485,2;5316,5;4551,54
3759505;136325,46;138895,34;148883,29;145777,27;134278,72;134622,3
3759905;2940,86;2944,24;2991,51;2069,19;2841,6;2597,15
3759968;2501,0;2537,0;2996,0;2974,5;2996,0;2999,0
3760055;6901,83;4272,42;5799,0;5683,4;6445,38;5928,72
3760079;8472,56;10475,75;9036,31;8291,99;11984,58;9208,06
3760132;1339,44;780,12;1573,99;831,39;1106,43;1244,49
3760142;2035,0;2750,0;2090,0;2475,0;2805,0;1980,0
3760197;2985,02;2999,36;2997,59;2996,71;2994,14;2999,16
3760214;2779,0;2788,5;2986,0;2984,0;2818,0;2986,5
3763019;6400,0;5200,0;4400,0;4720,0;5360,0;5360,0
3763420;8054,21;8772,8;8005,58;8961,63;8988,98;7331,29
3763429;4979,0;4990,5;4995,8;4987,5;4999,3;4993,9
3763930;8987,63;7354,4;8967,09;8942,76;8842,66;8994,37
3764153;4190,5;3743,7;4147,0;5165,9;5936,0;3539,7
3764159;59300,43;75934,89;77367,05;60816,73;77031,46;57283,34
3764191;16246,5;14671,1;14396,1;14981,5;14396,1;15030,6
3764220;7975,69;7941,61;7986,15;7950,48;7991,03;7749,05
3764720;11470,0;8990,0;11470,0;12214,0;12028,0;12338,0
3764735;2090,0;1760,0;1870,0;1980,0;1540,0;1320,0
3764826;39987,48;29758,96;29877,56;31514,28;27102,58;28110,3
3766842;608,06;264,25;605,35;264,25;869,6;822,75
3766914;3736,86;2670,24;2913,5;1811,72;2064,26;1084,2
3767028;20616,55;22028,68;22683,92;31296,86;22305,91;22993,87
3767092;3992,84;3980,42;3877,07;3992,03;3977,04;3998,46
3767156;1991,11;1421,99;2355,35;907,35;2183,88;1878,65
3767243;2401,35;2274,08;1224,34;1618,44;2455,37;2488,18
3767652;2981,87;2995,6;2967,32;2976,85;2989,13;2976,34
3767868;2621,67;1691,81;1235,3;1373,06;1534,6;1878,87
3771058;3996,0;3990,74;3987,27;3986,14;3932,2;3914,02
3771073;3664,56;2774,87;4389,68;3119,47;2924,74;3718,44
3771095;5939,78;5938,52;5659,1;5444,55;5872,09;5990,62
3772182;2980,52;2535,29;2447,08;2954,19;2961,38;2824,97
3772241;5228,75;6270,63;5521,95;5853,67;5669,39;6651,84
3774110;2974,63;2973,17;2942,53;2993,06;2983,81;2989,62
3774131;99947,19;99967,87;99849,76;99962,7;99920,59;99714,35
3774179;7994,1;7990,44;7907,25;7807,35;7983,84;6851,37
3783688;550,9;773,0;737,0;1324,0;1416,0;1462,0
3785107;2946,52;2986,99;2972,78;1566,57;2874,98;2983,43
3791425;11343,4;11137,0;8258,8;9130,8;7780,0;10112,2
3795779;8430,96;8997,04;8863,44;7446,72;8952,88;8965,94
3795783;1210,0;1100,0;1210,0;1430,0;1540,0;1265,0
3795869;2090,0;1705,0;1705,0;2200,0;1430,0;1815,0
3796986;2475,0;2530,0;3300,0;2420,0;3300,0;3080,0
3797779;2958,83;2983,73;2971,53;2839,12;2871,34;2977,58
3797781;3487,91;3944,18;3991,03;3932,64;3985,72;3769,6
3797792;1320,0;1155,0;660,0;990,0;;
3797855;1492,34;945,83;2281,86;1782,96;1221,36;1795,22
3800697;7998,8;7994,5;7998,2;7998,3;7999,05;7994,3
3801992;2442,5;2138,5;1889,5;1819,5;1904,0;1160,0
3806460;2974,81;2990,15;2991,3;2991,44;2991,09;2113,57
3806481;5975,48;2766,13;1696,02;4248,07;2140,22;1070,11
3806613;24565,04;19206,82;28694,64;21572,34;22454,85;22627,2
3806891;99955,97;99980,82;99960,39;98366,43;99997,56;99992,4
3806907;6294,0;4929,0;5923,5;5638,0;;
3806943;8987,5;8983,68;8975,26;8165,26;8988,2;8987,82
3806959;17036,91;17314,69;16915,25;13283,7;13580,09;6554,68
3809931;4999,22;4708,62;4956,09;4917,13;4929,38;4985,47
3810250;8997,12;8988,44;8957,48;8993,56;8996,64;8982,8
3810432;79519,5;93650,72;84691,91;78849,16;83839,67;66187,53
3810795;2475,0;2585,0;2035,0;3465,0;1980,0;2035,0
3811607;3986,36;3990,52;3999,89;3979,09;3984,06;3927,08
3811963;9844,0;5880,0;8510,5;4410,0;9933,0;9991,0
3814178;8979,8;8994,83;8959,28;8962,87;8969,65;8980,83
3814842;22790,14;24590,14;24809,79;14843,1;22081,4;10922,08
3814941;932,5;1522,0;1401,5;761,0;606,5;1616,0
3815530;8866,0;8494,0;7440,0;7874,0;7378,0;7502,0
3815776;13755,3;13912,0;11636,46;13945,75;9465,88;13169,84
3818597;2873,71;2976,6;2186,41;2943,23;2298,77;2999,37
3822714;1760,0;1210,0;825,0;1210,0;935,0;770,0
3822779;42308,77;8893,09;24524,45;34203,08;39696,08;63775,59
3822985;70486,46;69124,6;72780,08;72152,18;106342,88;109166,85
3826605;2997,59;2968,37;2880,91;2998,93;2988,76;2868,79
3827119;1608,01;1621,87;2952,2;1502,45;1476,66;2385,08
3827149;1771,5;2171,4;2019,0;2386,5;1251,4;1747,6
3827533;6084,28;3360,36;5722,56;5500,32;7109,2;7422,28
3831970;10599,74;10598,05;10599,38;10599,51;10599,25;10599,0
3834459;34654,97;34977,61;34915,86;33892,33;34812,9;34918,0
3843230;39924,77;39877,64;39940,32;39954,28;39928,21;39931,75
3843927;11160,0;9362,0;11222,0;10044,0;10726,0;10106,0
3857716;26940,7;26998,5;26977,8;26961,5;26941,0;26995,9
3869058;1497,87;1499,77;1499,77;1478,46;1493,94;1495,36
3869078;34775,81;34763,8;34807,11;34765,95;34803,72;34800,27
3869282;1967,7;1703,7;2011,65;2399,7;1775,7;1898,65
3869297;1449882,71;990917,44;1432559,22;1294436,85;1445345,34;1345437,49
3874733;301793,64;520446,41;342408,17;382936,85;398660,84;364603,24
3884027;100294,18;109160,7;92350,16;73929,13;95443,21;95796,0
3884142;5815,0;5986,2;5375,3;5551,3;5414,4;4567,4
3884331;136781,25;72691,59;77144,16;87178,34;188544,27;111066,6
3889199;3298907,91;3509020,57;3276247,98;3404961,51;3288001,64;3389870,13
3889203;2661,29;2454,99;2088,89;1822,98;2655,07;2673,53
3891075;93708,87;109409,57;99589,7;89983,51;197299,72;180722,05
3893558;3686,09;3708,12;3632,64;3572,2;3726,73;3685,26
3896000;3278,56;2640,56;2073,5;1914,0;2871,0;3120,0
3897298;3991,39;3995,98;3944,47;3990,04;3977,55;3992,89
3897367;480645,19;444480,25;445300,46;401112,03;489623,09;489792,74
3898995;4688,68;4052,21;2590,09;4191,26;3681,09;4790,45
3899006;13362,0;13460,0;20142,12;24735,04;28753,8;28782,9
3899569;2943,64;2970,95;2949,81;2932,03;2955,33;2901,13
3900595;88606,41;92573,22;85686,41;128841,55;84032,05;96038,63
3902118;3493,8;2796,1;3098,3;3254,8;3387,9;3312,1
3902329;14996,5;15000,0;14987,5;14990,0;14999,0;14987,0
3903630;86880,57;94059,39;99983,81;99960,37;99988,8;91457,32
3907877;3108,78;4956,42;3706,97;3055,08;4983,27;3156,97
3908360;261,0;188,5;232,0;244,0;804,5;159,5
3909659;14671,4;13664,16;14841,1;14987,33;14976,0;14983,34
3913710;9816,58;2646,52;6524,66;8277,17;4651,53;5450,89
3913810;169152,66;115172,67;121305,7;116282,45;231709,69;133668,68
3914366;2915,21;2960,6;2922,51;2991,12;2982,73;2985,79
3916368;;;;;33,6;
3918475;21055,19;20259,74;22249,34;23878,77;24756,99;22576,48
3918554;8996,08;8998,1;8991,38;8978,56;8592,1;8996,83
3918884;2200,0;2970,0;2365,0;2750,0;2915,0;1320,0
3919194;2945,26;2953,13;2951,09;2925,32;2974,76;2990,64
3921061;150,0;3614,33;1741,85;1799,66;1849,66;
3924552;6302,9;8463,7;8490,0;8994,4;8967,1;8927,9
3924582;38560,24;36204,22;44024,25;36849,63;47891,6;52999,73
3924771;9955,17;9651,19;9707,37;1086,17;;
3925392;7438,86;6431,38;6321,38;6723,86;4981,34;8138,94
3931286;438,15;;;;1137,84;197,45
3931577;825,0;715,0;550,0;770,0;660,0;660,0
3932802;2952,08;2994,7;2971,46;2946,84;2984,54;2971,71
3935894;30440,03;23534,23;30616,25;28036,65;29647,41;26927,71
3936422;7975,0;7590,0;4125,0;7975,0;7975,0;5170,0
3936623;8685,0;8195,0;9997,5;8295,5;8227,5;9469,22
3936647;14983,9;14760,01;14802,9;14946,35;14977,23;13707,08
3936732;10634,52;12004,3;11326,76;8519,26;11484,1;10321,72
3936742;19949,02;19939,94;19970,01;19962,19;19947,67;19952,07
3936749;2723,88;2963,72;2833,88;239,84;2998,88;2888,88
3940263;8930,0;8639,25;7611,75;7501,75;8983,25;8962,25
3941116;12320,0;10800,0;12960,0;11760,0;12960,0;12320,0
3944928;11951,31;11684,02;11994,28;11968,19;11806,68;11924,9
3945627;6456,25;7965,75;10139,9;9243,61;9861,8;9299,85
3946350;7286,3;6112,3;7193,2;7415,75;8567,3;8340,95
3948536;5113,9;4023,64;4511,92;4735,74;5148,75;3742,55
3948645;935,0;1045,0;990,0;880,0;1650,0;1045,0
3949666;2997,41;2992,63;2993,59;2998,61;2999,97;2999,18
3949807;9955,04;9995,32;9882,5;9935,32;9858,9;9706,46
3949882;2999,93;2992,33;2999,89;2989,92;2991,29;2999,71
3952119;13592,21;5365,23;9362,42;5180,42;5666,16;11526,71
3952554;1108,59;1280,41;3042,15;3016,65;2565,15;2300,48
3954659;833117,32;867703,9;972948,35;1159103,49;817163,15;1334953,45
3954744;49984,47;49998,89;49983,13;49999,24;49990,17;49997,86
3954758;14196,15;13112,17;11074,42;14281,7;15760,4;15408,95
3954785;14997,08;14996,36;14992,92;14995,52;14990,28;14995,8
3956474;9819,24;4909,62;6439,28;4909,62;11319,24;11319,24
3957670;24644,85;24943,57;25539,49;24187,47;24494,41;24358,34
3960875;9545,43;12408,7;14950,63;9685,3;13918,82;5084,61
3961794;4999,86;4944,08;4854,83;4496,73;4944,57;4925,55
3962494;17752,39;19968,78;18610,25;18737,83;16610,69;9040,03
3962502;14999,21;14880,67;14996,68;14977,05;14805,25;14600,76
3962956;29995,61;29982,83;29947,63;29996,32;29996,08;29998,25
3966581;13992,38;8871,45;9876,22;8434,53;11821,19;7732,31
3966651;17900,44;19583,81;19425,43;19515,41;17644,84;19512,77
3969794;2943,14;2651,88;2779,89;2997,06;2963,21;2927,18
3969920;3085,1;;;;;
3970684;5109,23;1573,02;6236,69;4719,06;5767,74;5624,96
3971127;2800,0;1920,0;560,0;880,0;1680,0;2400,0
3973974;9980,31;9973,1;9970,53;9970,53;9965,13;9816,07
3976774;3979,14;3996,61;3975,6;4000,0;3992,6;3999,35
3976776;1137,88;875,04;1342,22;1123,46;1210,8;1400,72
3976807;29134,09;29974,73;29976,14;28662,46;29992,21;29931,77
3976837;5217,89;3680,42;3773,25;5009,17;5153,39;5094,2
3977509;2061,84;2061,84;1312,08;3054,04;2343,0;2023,12
3977927;2914,5;2900,0;2929,0;2987,0;2914,5;2929,0
3977987;48,0;;;1945,86;3711,48;5632,4
3980712;2960,4;2999,65;2994,8;2990,5;2998,6;2999,0
3980756;14993,47;13735,49;9753,23;12226,16;11116,81;14960,47
3981476;26688,93;22154,88;21279,94;18338,12;23422,66;18929,7
3981546;2320,0;1600,0;1600,0;720,0;880,0;880,0
3983379;21923,58;22167,08;21680,08;20219,08;18749,5;18993,0
3983624;29940,85;29977,44;29818,07;28768,38;29966,92;29986,77
3983699;19413,3;19930,14;18935,47;19985,54;19928,64;19361,22
3983714;2966,55;2956,95;2997,64;2994,18;2982,22;2968,55
3984311;19720,73;19744,99;19679,81;19712,29;19720,37;19744,13
3984609;3978,0;3668,5;3749,5;7407,2;5132,0;7223,9
3986656;2993,93;2918,88;2999,93;2996,24;2998,19;2989,85
3986771;7496,04;7492,28;7493,0;7498,56;7484,92;7498,84
3986781;9823,66;9881,45;9940,46;9644,65;9928,22;9958,4
3986787;1711,9;1724,41;756,32;1514,12;1885,69;1121,93
3986891;19963,36;19968,08;19913,28;19924,64;19835,92;19939,6
3986900;17337,62;17352,57;16142,8;17125,31;17258,7;17327,75
3986945;2993,92;2999,95;2998,4;2975,84;2997,01;2997,93
3986958;44798,41;44797,74;22639,44;43659,2;37079,83;44796,57
3986988;24995,94;24779,62;24964,49;24816,93;24975,53;21435,43
3987050;810984,42;898530,82;821379,75;770609,1;762782,34;791300,06
3987087;836397,25;952390,59;1048984,2;1038977,1;1097270,89;1266731,46
3987105;2999,13;2906,61;2898,24;2983,65;2915,98;2995,35
3987113;34554,0;35449,5;39667,5;40547,0;44082,0;42888,0
3989617;2995,5;2991,7;2999,4;2993,5;2996,0;2989,0
3992026;7948,76;7941,24;7949,14;7932,52;7942,08;7902,12
3992065;55595,41;57055,42;51938,81;50665,66;59879,48;66816,78
3992579;4957,72;4998,44;4989,92;4733,24;4997,8;2390,48
3992620;2939,95;2974,36;2986,88;2920,61;2847,65;2963,3
3994233;2984,48;2800,81;1061,41;1331,56;2521,18;2151,39
4020223;8990,0;8989,0;8947,5;8989,0;8947,5;8961,0
4020366;4675,0;4675,0;4675,0;4675,0;4675,0;4675,0
4020511;6985,0;5720,0;6820,0;5225,0;6380,0;3905,0
4020648;11990,0;9515,0;8250,0;10670,0;8085,0;8140,0
4020732;8955,42;8970,8;8975,6;8982,4;8999,2;8992,6
4020747;6993,12;6982,64;6958,24;6997,68;6983,88;6993,56
4020858;6996,96;6957,68;6970,84;6981,44;6986,12;6951,2
4022759;7548,5;6332,5;8972,5;8946,5;5775,0;6710,0
4022792;8995,8;8953,51;8985,1;8997,98;8992,28;8996,46
4023083;5337,07;8955,01;8984,01;8934,03;8523,9;8975,35
4023135;6325,0;6429,82;6067,14;6562,14;7174,58;7187,2
4023214;880,0;605,0;;;;
4023232;7996,0;7990,0;7992,5;7994,0;7990,0;7096,5
4023301;2915,0;3190,0;1387,5;4943,0;3268,0;4985,5
4025383;3135,0;3190,0;2970,0;3135,0;2915,0;3795,0
4025533;2087,6;2796,6;2568,8;2565,2;2892,8;2276,4
4025624;8997,4;8993,8;8993,6;8976,4;6926,0;8995,0
4026100;8757,16;8123,42;8951,52;8742,46;8607,04;8923,86
4026196;1849,76;1277,32;914,76;440,0;1377,2;770,0
4026215;770,0;880,0;660,0;715,0;825,0;880,0
4026348;550,0;550,0;220,0;110,0;220,0;330,0
4027786;4235,0;5065,0;4960,0;3960,0;5865,0;3740,0
4027794;4204,32;3792,64;3525,76;3143,63;6251,16;3262,32
4027799;8946,6;8995,56;8985,17;8949,4;8939,89;8944,13
4027801;8958,86;8985,15;8995,34;8996,02;8991,45;
4027937;7378,0;7440,0;7006,0;6634,0;5952,0;7812,0
4027942;2976,0;992,0;930,0;930,0;1178,0;1736,0
4027947;186,0;186,0;186,0;186,0;186,0;186,0
4027964;7490,23;7494,41;7491,37;7489,63;7493,71;7488,73
4028039;14867,78;14954,51;14999,22;14855,31;14927,75;14990,78
4028268;4948,32;4951,3;4958,2;4951,3;4772,1;4954,04
4028315;710,0;;3997,5;3994,0;3993,0;3999,5
4028348;1045,0;1155,0;1155,0;1045,0;1650,0;1540,0
4028394;2834,2;2960,4;2940,3;2983,7;2965,4;2959,8
4028460;31999,31;31994,99;31996,1;31992,33;31993,47;31995,22
4028471;8865,08;8995,4;8802,88;8920,28;8985,48;8717,76
4028474;10620,27;11193,89;13226,88;12946,98;10535,72;11982,07
4028500;9981,56;9997,61;9985,32;9957,28;9988,01;9983,9
4028588;6960,0;6720,0;7200,0;5600,0;6960,0;6480,0
4028636;5445,0;5610,0;4400,0;4180,0;4125,0;4015,0
4028694;11520,0;10800,0;10320,0;10240,0;11040,0;13120,0
4028706;7246,0;5753,0;6229,0;5858,0;5260,0;6463,0
4028722;5115,0;2585,0;2640,0;2420,0;1155,0;
4029789;8704,8;5892,84;6289,2;6959,72;5636,56;4434,76
4030281;6866,89;8958,21;8995,53;8985,86;8990,03;8965,07
4030285;3997,7;5074,6;5581,2;6249,9;6235,4;4663,5
4030710;6872,13;3163,46;5836,41;5723,14;6063,23;4920,53
4030845;3236,8;2559,0;3011,0;4443,2;4981,8;3789,8
4030846;5500,0;7205,0;6710,0;6435,0;7535,0;6545,0
4030862;7150,0;6380,0;8305,0;7590,0;5170,0;9460,0
4030869;4455,0;4455,0;4455,0;3630,0;4290,0;4455,0
4030874;2255,0;1320,0;2310,0;2145,0;2365,0;1925,0
4030956;7755,0;8030,0;7260,0;7590,0;7480,0;7590,0
4031048;11055,0;9515,0;10725,0;10395,0;11990,0;11990,0
4031118;14555,79;14553,32;14557,91;14558,05;14552,7;14558,52
4031148;2981,42;2995,37;2994,54;2997,98;2980,74;2985,92
4031154;5974,5;5959,0;5986,0;5603,0;5904,0;5972,5
4032087;7095,0;6284,0;5198,0;6291,0;6724,0;5992,0
4032138;8855,0;7975,0;8195,0;8580,0;5555,0;8800,0
4032146;660,0;;;;;
4032178;5115,0;6270,0;4290,0;5280,0;3795,0;4950,0
4032305;2035,0;3080,0;1760,0;2255,0;3190,0;1210,0
4032505;2910,51;2626,01;1855,49;3015,73;3457,53;2390,69
4032507;10001,62;4984,94;9456,32;5822,52;6997,93;4166,2
4032537;2898,35;2950,1;2185,51;2312,67;2947,15;2595,92
4032558;8946,44;8994,12;8721,8;8967,92;8977,36;8983,0
4032658;5983,32;5554,96;5150,52;5091,84;5967,8;
4032676;4950,0;2970,0;4840,0;4730,0;4950,0;4895,0
4032818;1980,0;1595,0;1980,0;1705,0;2585,0;2530,0
4032895;7975,0;6820,0;7150,0;8195,0;7535,0;7370,0
4032941;1778,28;610,31;745,22;736,14;1309,65;1799,54
4032998;1987,6;744,0;55,0;1129,0;875,4;1437,6
4035980;5204,75;3900,88;7172,42;5310,26;5832,55;5898,12
4035991;819,0;504,0;693,0;630,0;504,0;567,0
4036037;8965,0;8965,0;8965,0;8965,0;8965,0;8965,0
4036249;19902,0;19902,0;19654,0;19778,0;19964,0;19964,0
4036380;969,44;1013,54;319,32;657,49;2606,98;576,42
4036460;1734,0;2719,65;2391,87;2222,69;2610,42;2994,51
4036477;8766,6;8996,6;8974,8;8991,6;8987,8;8979,4
4036591;9969,06;8690,45;9994,9;9891,77;8628,84;7666,3
4036667;19081,16;19112,52;19095,7;19123,11;19107,09;19123,69
4036724;2970,0;1760,0;1760,0;2585,0;2860,0;1925,0
4036741;2255,0;1870,0;1925,0;1925,0;1925,0;1650,0
4036758;2640,0;1870,0;2035,0;2035,0;2200,0;2475,0
4036843;16560,0;16560,0;14720,0;9840,0;12480,0;14960,0
4036858;1375,0;605,0;1265,0;825,0;660,0;770,0
4036945;12622,5;12342,0;12622,5;12622,5;11687,5;12622,5
4037020;2994,1;2602,4;2983,5;2736,2;2993,9;2088,7
4037125;11943,38;11752,93;11679,62;10307,46;11794,9;11830,89
4037159;14485,12;13786,0;14495,28;14558,56;14376,44;14544,88
4037194;269,0;1031,5;2226,0;2246,0;1984,5;890,5
4037223;2585,0;1650,0;2090,0;1485,0;1540,0;2255,0
4037235;3994,78;3992,51;3983,85;3996,73;3993,12;3642,65
4037253;5925,0;4126,0;3076,0;4461,0;3863,0;4516,0
4037348;9955,0;9955,0;9955,0;9955,0;9955,0;9955,0
4037353;6545,0;6160,0;5280,0;5115,0;5610,0;4510,0
4039071;12240,0;9360,0;10160,0;9360,0;7680,0;10160,0
4039073;4950,0;4730,0;4675,0;4950,0;4950,0;4950,0
4039102;8305,0;7755,0;7700,0;6545,0;8965,0;7480,0
4039140;605,35;277,4;494,8;217,4;217,4;899,6
4039168;4950,0;4950,0;4840,0;4785,0;4785,0;4895,0
4039174;7654,0;5496,0;4708,0;6260,0;7480,0;7976,0
4039255;;0,0;;7569,62;6431,08;3313,61
4039270;770,0;345,0;605,0;;;
4039275;2198,0;2335,0;2429,5;3062,5;3352,0;2814,5
4039291;2317,6;2011,2;2372,6;1005,6;2262,6;1898,6
4039444;8855,0;10175,0;7645,0;9955,0;8910,0;8965,0
4039527;3967,25;3828,76;3983,4;3987,6;3967,12;3917,3
4039552;3489,5;2162,0;2293,4;2563,5;2894,0;3251,6
4039562;5952,8;5956,8;5947,0;5951,8;5978,36;5955,98
4039579;2791,77;2902,27;2161,46;703,03;2985,6;2851,77
4039581;7535,0;3190,0;3685,0;3685,0;4620,0;6380,0
4039604;7895,7;8994,9;8993,9;8335,7;8987,8;7021,8
4039722;5970,12;4808,7;5898,36;6952,16;4539,54;3909,56
4039733;2994,6;2970,26;2999,24;2979,38;2977,35;2982,7
4039767;495,0;880,0;1155,0;990,0;715,0;935,0
4039788;237638,47;315465,67;238395,14;269635,78;232823,78;300396,53
4039846;6985,0;6985,0;6985,0;6985,0;2365,0;1430,0
4040892;5981,87;5981,55;5950,56;5983,2;5999,08;5995,72
4040904;8965,0;8965,0;8965,0;8910,0;8965,0;8965,0
4040921;5146,0;4030,0;5208,0;5146,0;4092,0;5022,0
4040930;5949,5;558,5;945,5;589,5;781,5;521,0
4040968;4620,0;3245,0;3795,0;4290,0;1155,0;4400,0
4041008;1245,2;;;;;
4041067;393341,93;447948,0;454810,67;590156,26;482070,54;431846,82
4041212;4083,8;2420,24;3907,62;5958,18;5579,84;4277,3
4041215;4661,39;3600,86;4683,94;2383,78;3990,63;4838,86
4041251;3135,0;3850,0;2805,0;4180,0;4675,0;4345,0
4041266;1442,58;1233,98;1600,25;1187,24;823,14;1376,22
4041305;2920,73;2971,46;2988,48;2982,54;2754,88;2965,38
4041391;2733,8;2770,8;1799,0;2392,8;2167,78;2129,8
4041395;330,0;495,0;715,0;495,0;825,0;605,0
4041400;5320,54;3424,38;3969,48;3184,8;3711,74;4811,56
4041405;7989,14;7749,16;7337,42;7227,96;7775,98;7988,92
4041428;1595,0;1540,0;1595,0;1100,0;1760,0;1430,0
4041458;2999,95;2999,07;2998,92;2692,8;2979,89;2993,92
4041479;2400,0;2640,0;4560,0;4640,0;5440,0;7440,0
4041504;7944,16;7857,44;6207,52;7576,72;7882,16;7982,88
4041520;269,89;865,14;195,02;;30,0;965,54
4041527;8999,24;8999,84;8999,84;8998,52;8999,52;8998,64
4041572;2860,0;1815,0;1815,0;;1760,0;825,0
4041590;3348,0;2666,0;2294,0;1674,0;2542,0;1798,0
4041678;46305,5;42037,5;45074,5;47261,5;52937,5;45141,0
4041725;5102,15;4717,86;5073,07;3478,16;5602,03;3539,13
4041731;605,0;440,0;330,0;330,0;330,0;275,0
4041763;2527,74;2273,6;3046,92;2939,9;4740,56;2549,9
4041771;3470,15;3267,92;3394,87;2742,07;3417,22;3556,93
4041773;7685,04;7122,72;6279,24;5850,28;8997,12;8997,12
4041800;11975,59;11276,23;9940,14;11027,04;11940,43;9505,92
4042585;4995,03;4189,19;4887,78;4152,78;4741,22;4686,09
4042660;7316,0;4836,0;4278,0;5642,0;4030,0;4588,0
4042711;1485,1;2709,22;2478,08;2351,1;2858,2;2968,08
4042749;4620,0;4620,0;3960,0;3960,0;4290,0;4565,0
4042766;2458,1;2437,2;1966,71;2491,62;2480,4;2453,33
4042814;41635,0;34100,0;39985,0;39655,0;46695,0;40370,0
4042929;3905,0;2145,0;3355,0;2970,0;3575,0;2530,0
4042953;1815,0;330,0;1320,0;1045,0;1265,0;1320,0
4043032;2915,0;4180,0;4785,0;2255,0;4180,0;3630,0
4043112;801,9;561,33;801,9;561,33;721,71;1449,0
4043205;2527,23;2007,08;1495,12;2773,36;2780,09;2713,45
4043239;3836,68;2150,52;3143,28;1796,16;4191,04;2417,32
4043282;3080,0;2530,0;2640,0;3080,0;2805,0;2365,0
4043374;7480,0;7480,0;6765,0;7480,0;7480,0;7480,0
4043375;1320,0;880,0;1375,0;880,0;1650,0;1265,0
4043393;2998,69;2986,14;2980,66;2989,15;2985,25;2994,01
4043470;2666,3;1553,74;2990,16;2992,85;2998,78;2258,36
4044628;5673,62;8472,51;6561,33;8956,35;8990,52;7182,31
4044640;3740,0;4290,0;4015,0;3960,0;2530,0;4785,0
4044854;3300,0;3685,0;3850,0;2200,0;3025,0;3520,0
4044888;6710,0;5885,0;7480,0;5170,0;7755,0;5830,0
4044926;2728,0;3038,0;2356,0;3472,0;4774,0;2728,0
4044935;2925,38;2981,18;2994,28;2992,64;2991,8;2821,75
4044948;687,15;957,66;1094,37;975,31;1577,63;687,55
4044996;5952,0;5952,0;5952,0;5952,0;5952,0;5580,0
4045174;8745,0;5995,0;6490,0;6105,0;7040,0;7370,0
4045208;1739,2;1087,0;1304,4;1521,8;1739,2;1739,2
4045247;4215,0;2870,0;3170,0;2445,0;2945,0;2200,0
4045266;5995,93;5998,48;5993,77;5998,25;5993,67;5742,96
4045319;4125,0;3685,0;3410,0;4840,0;3080,0;4235,0
4045497;2985,1;2919,86;2962,75;2996,25;2978,44;2959,85
4045519;1414,52;2169,04;2962,72;2245,7;2403,7;2993,06
4046490;4464,0;3968,0;4960,0;3410,0;4216,0;3410,0
4046671;2420,0;1265,0;2420,0;2200,0;1925,0;2585,0
4046676;1917,63;1704,56;2030,32;2130,7;2719,72;1963,88
4046686;8924,73;8974,72;8766,74;8243,14;8061,49;8708,33
4046688;5445,0;3795,0;3190,0;5995,0;5280,0;5390,0
4046859;1073,27;1133,94;1296,09;80,19;758,2;867,11
4047084;811,48;93,72;648,04;358,88;366,88;460,6
4047114;3980,5;3993,0;3993,0;3926,5;3990,5;3992,3
4047143;8997,0;8996,96;8999,48;8996,28;8994,8;8994,48
4047180;2966,12;2996,77;2850,05;2995,6;2774,04;2663,69
4047181;2992,23;2974,74;2924,14;2933,5;1421,58;2685,61
4047183;2989,2;2996,48;2984,88;2977,99;2999,05;2961,09
4047192;2262,65;1213,22;466,45;2237,86;772,14;1589,09
4047216;7504,83;6217,15;7076,1;7215,32;8981,63;8937,81
4047245;7975,0;7975,0;7975,0;7975,0;7975,0;7975,0
4047247;1837,29;1551,38;2834,0;1891,67;1698,0;2167,29
4047266;9840,0;7600,0;8320,0;8000,0;10320,0;9200,0
4047292;6710,0;6270,0;6820,0;6600,0;6160,0;5775,0
4047294;2363,15;2386,47;2169,24;2223,09;1043,01;2959,38
4047324;2640,0;2915,0;2640,0;2530,0;1430,0;2255,0
4047365;1045,0;770,0;440,0;495,0;440,0;660,0
4047373;3977,25;3975,03;3996,46;3998,4;3995,01;3997,13
4047420;801,9;;;;;
4047434;5610,0;4290,0;5060,0;5225,0;5170,0;5995,0
4047437;2114,0;2445,5;2907,5;1419,0;2972,0;2988,5
4047441;7440,0;7440,0;7440,0;7440,0;7440,0;7440,0
4047489;2321,69;1538,95;2566,54;1929,93;2597,42;2866,45
4047490;7914,08;7965,13;7973,42;7555,54;7988,18;7961,58
4047496;8992,14;8997,0;8988,3;8956,01;8991,46;8984,08
4047598;2860,0;1045,0;2035,0;1430,0;2530,0;2255,0
4047611;495,0;440,0;550,0;660,0;495,0;385,0
4047751;3459,52;3840,48;4957,32;3297,4;6920,76;3763,04
4047770;4983,04;4967,13;4987,97;4988,21;4991,43;4972,15
4047890;2555,36;2933,56;2964,86;2964,57;2996,23;2995,83
4047956;2978,98;2993,18;2432,14;2112,44;2978,45;2983,99
4047961;;;1286,98;1735,99;1143,13;773,66
4048872;25426,43;25427,34;25408,41;25393,87;25415,46;25363,88
4048883;3576,34;3596,5;3576,41;3517,66;3550,96;3555,08
4049012;1045,0;1100,0;1375,0;1430,0;1760,0;1540,0
4049148;3665,91;6965,42;6971,73;6997,54;6970,54;6954,81
4049191;2997,02;2998,46;2994,04;2991,53;2982,32;2994,74
4049203;4946,0;4144,0;4292,0;5358,0;6104,0;3864,0
4049212;2997,09;2999,71;2996,96;2999,01;2997,67;2978,5
4049216;3008,78;2000,98;1644,85;3193,47;2646,64;690,7
4049300;1057,71;1016,37;1499,0;683,1;1082,77;959,18
4049303;2743,55;2041,88;2957,82;1927,84;2174,37;2733,59
4049362;754,85;376,56;469,89;368,89;941,65;516,27
4049365;1513,12;1404,08;500,02;1586,85;2887,2;1681,75
4049385;2996,06;2872,38;2991,43;2997,16;2996,29;2983,41
4050406;3957,07;3976,7;3986,89;3988,31;3941,16;3985,33
4050533;1348,21;1747,62;2957,85;2393,58;2369,45;2392,31
4050536;2991,93;2841,37;2540,27;2049,36;2968,77;2925,13
4050567;109178,9;109148,39;109132,86;109127,27;109184,44;109082,07
4050629;857,92;903,08;734,2;1277,4;1579,69;1116,87
4050649;2200,0;1540,0;1760,0;1705,0;2310,0;1815,0
4050690;303,32;313,34;933,07;800,1;422,91;390,31
4050722;2805,0;2640,0;1705,0;2200,0;2640,0;1760,0
4050927;15827,5;16314,5;14610,0;14366,5;14610,0;14853,5
4051094;2956,28;2965,26;2987,47;2770,31;2967,14;2939,98
4051109;4953,09;3969,0;4746,88;4033,06;4811,0;4530,36
4051131;2915,0;2475,0;3300,0;2750,0;3795,0;3190,0
4051135;5808,66;4132,4;6980,26;4010,1;4352,98;5998,06
4051256;2585,0;2145,0;3080,0;2530,0;1705,0;2695,0
4051267;1885,1;2852,62;1749,57;2204,58;2834,02;2313,95
4051272;1650,0;825,0;935,0;825,0;935,0;990,0
4051332;1524,46;2949,02;2790,57;1803,97;2938,35;2844,81
4052049;50661,71;50451,05;39599,47;46851,01;54973,8;53693,34
4052160;8955,08;8985,36;8951,16;8971,92;8960,24;8983,12
4052452;2530,0;2090,0;1705,0;1210,0;2420,0;1265,0
4052499;3983,44;3976,84;3993,79;3986,34;3989,89;3955,47
4052694;5952,0;5766,0;3968,0;5766,0;4774,0;4898,0
4052761;5817,71;7922,58;7928,11;5821,89;7071,28;6401,05
4052775;2961,33;2983,23;1875,09;2994,33;2983,23;2977,38
4052831;2972,93;2987,15;2986,25;2983,43;2965,86;2976,21
4052854;2561,38;2534,43;2519,88;2697,34;2995,09;2998,79
4053814;6331,63;7497,65;4075,6;7773,3;7761,77;7081,1
4053886;11284,95;11602,87;3994,79;9632,42;6084,77;7036,33
4053991;7260,0;6270,0;6985,0;6160,0;6545,0;5335,0
4054017;2998,25;2998,38;2967,42;2996,14;2961,61;2993,9
4054021;2384,94;1950,94;1465,1;1764,94;2381,59;2091,47
4054030;225,52;438,04;1050,54;1256,56;1695,12;1520,66
4054074;3316,8;3355,0;2475,0;3135,0;3355,0;2365,0
4054131;7016,38;6185,77;8372,57;7040,94;6526,52;5692,1
4054269;5963,0;5999,0;4033,0;5994,0;5916,0;5992,0
4054277;2981,42;2954,0;2967,76;2992,08;2987,3;2995,33
4054343;3190,0;2365,0;2585,0;2915,0;3410,0;2750,0
4054358;7130,0;6262,0;8866,0;5766,0;6448,0;6014,0
4054402;2906,17;2393,89;1742,85;1981,71;2947,68;2957,64
4054462;8993,58;8993,04;8995,58;7573,28;8996,74;8976,56
4054471;4950,0;3740,0;4455,0;4840,0;4950,0;4510,0
4055338;1925,0;2090,0;1265,0;1925,0;1540,0;2640,0
4055493;5919,58;7916,5;6175,24;5983,22;8467,48;7043,2
4055501;3026,24;1524,63;1293,72;1598,14;2507,25;2959,0
4055539;4080,0;2080,0;2560,0;2400,0;2640,0;3040,0
4055554;1320,0;1375,0;1265,0;1265,0;1870,0;1760,0
4055599;1547,11;1659,2;2402,43;2046,83;2360,8;3002,73
4055785;7920,0;5555,0;5995,0;6160,0;8800,0;7920,0
4056266;5811,3;3858,45;4667,8;245,97;;190,97
4056438;1650,0;2860,0;1760,0;2255,0;1980,0;2200,0
4056442;4927,61;4987,63;4823,27;4986,25;4815,03;4550,04
4058062;1178,0;1550,0;1488,0;1736,0;1798,0;1178,0
4058144;14236,0;5433,5;10622,5;7862,0;10488,5;11541,5
4058180;2304,8;1090,0;2278,13;2404,94;;1921,01
4059816;14946,65;6874,6;14815,45;14945,9;14961,05;14925,6
4060165;4159,59;960,0;3415,98;4903,61;5839,59;8219,6
4060384;2720,0;2240,0;2640,0;2800,0;2080,0;2480,0
4062880;2525,84;2078,42;2379,15;1910,99;3329,28;3579,94
4063025;12583,62;11558,73;12275,2;9632,86;15202,74;13847,62
4063606;11992,9;11973,8;11999,5;11985,36;11990,5;11969,15
4068774;983753,61;885277,31;920776,67;1075523,78;1235313,54;1040281,26
4070818;30245,78;36617,0;32509,68;34010,46;36812,76;36830,02
4071599;9955,0;9955,0;9955,0;9955,0;9955,0;9295,0
4071773;14483,43;10229,04;14551,31;14297,7;13992,54;8940,67
4074605;95824,68;86272,89;99282,69;80803,76;109113,51;109118,67
4074934;1817,3;1936,81;1528,28;1784,58;3122,0;2973,74
4074938;4329,66;4584,38;6502,13;8930,38;6522,82;2184,0
4077010;10080,0;10080,0;10080,0;8960,0;10080,0;10080,0
4077398;1432,5;976,0;954,5;826,0;1017,0;744,0
4077505;9680,0;9520,0;9680,0;9680,0;9680,0;9440,0
4086444;5374,35;5374,88;4524,11;5356,18;5335,36;5251,63
4087193;9997,71;9998,51;9991,46;9999,77;9997,12;9998,58
4089345;12989,5;12989,96;12988,76;12997,44;12994,6;12990,1
4090060;1045,0;715,0;990,0;1320,0;825,0;990,0
4090071;6710,0;5995,0;7040,0;5885,0;5830,0;6050,0
4090510;622590,56;643638,97;587748,09;638100,44;524471,78;374039,16
4090649;4995,01;4993,28;4999,42;4998,94;4996,78;4973,56
4090816;4950,0;4950,0;4950,0;4180,0;4950,0;4950,0
4090817;2996,91;2996,04;2993,05;2989,64;2993,61;2990,96
4090880;13203,28;21500,88;21422,13;20334,27;23619,19;17159,73
4092147;2999,56;2997,42;2992,14;2982,76;2996,59;2995,07
4092166;4964,4;4994,6;4954,06;4928,86;4988,4;4981,2
4093046;2867,38;2862,42;2212,85;2919,65;2988,82;2835,77
4093153;2986,0;2993,5;2464,5;2696,5;2389,5;2399,0
4097249;26783,5;26341,0;26315,0;25114,0;32193,0;28118,0
4097323;14983,7;14966,7;14911,0;14989,4;14986,8;14890,9
4097566;3998,34;3610,51;3979,61;3150,74;3650,82;3001,67
4097606;4390,4;2922,0;3008,4;2496,8;3620,4;3612,4
4097671;3410,0;3685,0;4015,0;4015,0;4950,0;
4097712;2998,5;2998,5;2987,9;2986,8;2998,8;2998,5
4097918;7605,62;5923,95;6585,42;3912,34;7954,19;7596,21
4097989;3184,28;1178,0;1941,28;1941,28;;124,0
4098158;3472,0;6014,0;5332,0;6076,0;5828,0;5952,0
4098163;2998,24;2997,38;2996,68;2998,67;2999,54;2982,06
4098616;3960,0;3960,0;3960,0;3960,0;3960,0;3960,0
4098824;3985,0;4000,0;3947,0;3959,0;3985,0;3978,0
4104199;2983,34;2387,26;2567,01;783,07;739,05;2145,25
4104928;3866,58;3807,45;5408,82;3892,3;4665,23;5294,68
4105213;7357670,36;7497720,1;8323117,2;8444202,55;10375930,36;9388950,7
4105313;226,78;134,87;298,91;566,87;613,94;777,44
4111083;2640,0;2640,0;2695,0;1375,0;1485,0;1485,0
4117539;0,0;;746,74;;190,38;
4117697;2457,82;2437,39;2485,97;2493,65;2494,29;2481,9
4117955;2975,61;2971,18;2943,83;2973,19;2761,84;2934,37
4118249;110,0;;;;;
4120231;2986,5;2996,5;2518,2;2990,6;1934,0;1505,5
4120250;1260,3;1451,3;1991,82;1419,15;2344,83;1567,27
4120312;260664,32;404845,11;418759,53;350082,02;360023,78;317861,43
4120342;7999,9;7996,26;7998,7;7998,8;7997,86;7996,1
4120535;2944,21;1989,34;1522,59;1638,05;2386,71;2388,46
4125120;1131,0;1025,7;1060,8;958,1;960,7;1372,8
4125161;5995,0;5995,0;5995,0;5995,0;5995,0;5995,0
4125200;6993,55;6545,24;6993,37;6239,28;5743,27;6989,36
4125617;333816,12;335925,27;315048,52;335087,23;343169,13;328050,07
4125790;1558,3;3055,3;2392,18;2970,13;4780,52;4289,08
4125871;80,19;259,47;100,38;;197,02;555,76
4125951;2030,39;729,85;2530,06;2706,92;2096,6;1170,82
4126285;1265,0;1155,0;715,0;880,0;1375,0;935,0
4128766;5811,87;2787,25;3901,55;3550,75;4043,95;3898,46
4128855;79999,87;79998,84;79997,73;79998,54;79993,22;79996,23
4129670;4125,0;4015,0;2475,0;3080,0;4180,0;3245,0
4129871;;;110,19;;;
4129873;4176,48;3666,8;3812,82;3702,82;4661,36;3890,26
4129922;746651,66;461176,28;688368,48;895453,93;447738,52;801364,39
4130113;7987,6;7997,52;7998,35;7998,86;7994,23;7998,69
4130279;929,0;244,0;913,0;677,0;1385,0;942,26
4130289;3931,46;2618,5;3986,95;2988,76;3740,71;3639,56
4130635;19901,03;18300,24;20031,86;19986,48;19883,32;19995,89
4130834;220,0;385,0;;;;
4132504;5270,0;5394,0;4836,0;5332,0;5952,0;5952,0
4132670;6925,12;6953,94;6710,7;6900,6;6948,18;6887,54
4132917;2365,0;2365,0;1815,0;2090,0;1100,0;1375,0
4134021;4700,54;3509,78;3557,88;2182,47;4995,37;3795,07
4134034;3170,4;2121,8;3881,37;3763,9;3219,28;3017,6
4134327;8910,0;8965,0;8965,0;8965,0;8965,0;8800,0
4136513;39558,77;34789,14;29985,33;29989,35;29997,11;29994,66
4136529;1040,0;720,0;480,0;880,0;720,0;560,0
4136587;2989,21;2991,55;2998,0;2998,47;2987,08;2994,32
4136818;2750,7;2694,08;1866,83;1255,82;3142,24;1837,4
4137271;990,0;825,0;;;;
4137497;1759,5;1679,64;744,0;2473,79;2495,6;2486,07
4137862;1036,03;1145,45;1743,58;1503,22;1793,46;840,78
4138014;1853,64;3194,74;5968,93;2894,18;1558,11;2144,52
4140660;4745,41;5088,07;4716,17;5476,73;4384,39;4134,33
4140678;456,52;484,12;1413,46;688,31;1077,97;1048,97
4141328;5956,89;5997,01;3462,66;5992,67;4335,56;5959,31
4141338;165,0;165,0;825,0;550,0;440,0;495,0
4141419;4785,0;2640,0;3526,93;2860,0;3630,0;3062,2
4143268;7994,8;7996,82;7993,8;7998,12;7996,96;7996,5
4143292;2781,69;1552,19;1752,49;1005,54;2345,33;1897,31
4143293;1464,36;2149,21;1754,82;1100,17;787,14;1075,1
4143319;11995,4;11960,4;11994,56;11990,72;11998,72;11965,98
4143353;4511,58;3229,15;4845,3;4036,5;4981,83;4831,89
4143546;1960,4;1372,8;2206,1;1353,3;1803,1;1987,96
4143561;3405,31;3466,42;3723,28;3499,38;3908,53;3938,3
4143615;3986,4;3948,89;3781,9;3650,1;3940,7;3918,34
4143642;3703,38;2184,39;3647,05;3996,5;3974,24;3945,0
4143675;9774,36;9874,43;8698,75;7294,38;9873,71;7707,62
4143683;6693,39;9722,5;8692,77;6877,88;11971,04;8679,44
4143749;3750,9;3650,3;3866,4;3991,3;7741,7;7991,2
4143823;4767,4;4448,59;2687,24;2817,49;5860,39;2952,5
4143833;4960,0;4960,0;4960,0;4960,0;4960,0;4960,0
4145131;1100,0;935,0;880,0;990,0;880,0;605,0
4145448;6600,0;5555,0;5390,0;4730,0;6600,0;6325,0
4146625;2997,56;2991,71;2999,69;2997,37;2989,11;2997,26
4148575;2860,0;2915,0;2310,0;2420,0;3025,0;2860,0
4148759;39916,35;39996,83;39955,03;39970,49;39821,08;39985,66
4149109;3389,4;2978,15;2696,25;2288,63;2735,15;3170,74
4149112;4167,91;2959,96;4185,38;3698,19;5555,61;4374,99
4149663;5157,19;4529,46;7289,13;6605,45;8465,9;5651,99
4155300;5676,88;6050,04;7197,96;4567,52;5352,6;7300,36
4155803;2844,11;2964,14;2647,2;2942,04;2936,34;2701,73
4155995;880,0;825,0;550,0;880,0;1375,0;880,0
4156020;7998,2;7989,57;7996,78;7986,86;7996,78;7990,71
4157003;2998,5;2974,5;2831,0;2989,0;2993,5;2998,0
4157006;9997,8;9998,99;9998,24;9979,15;9999,63;9997,6
4157336;2615,6;1947,3;3746,56;1665,6;2011,9;1823,96
4157344;3993,83;3999,4;3981,07;3990,74;3987,52;3973,77
4157399;5991,7;5979,17;5971,2;5972,9;5996,46;5986,12
4157543;3996,24;3998,09;3995,25;3982,41;3984,1;3955,36
4157547;850,8;866,83;1179,39;1357,96;1521,84;642,76
4157554;3430,57;2468,62;3110,4;4205,87;5311,5;4164,44
4157568;1435,3;1410,1;1971,4;1887,7;1997,8;1966,6
4157593;49995,93;47651,59;49966,97;49613,34;49987,6;49936,33
4163899;2999,74;2998,28;2999,88;2999,82;2998,38;2998,96
4163945;351,0;141,7;;;;
4164098;4950,0;3575,0;4950,0;3795,0;4950,0;4950,0
4164534;3933,02;3245,09;3130,83;3899,69;3974,92;3973,72
4164575;3025,0;2970,0;3080,0;3245,0;3575,0;3080,0
4164652;7985,82;7935,42;7967,94;7997,62;7953,09;7888,54
4164689;2974,05;2978,28;2995,22;2988,25;2998,99;2982,64
4164901;7968,16;5818,6;6958,76;8972,6;8996,48;8992,8
4165066;1538,77;953,63;1235,64;1182,12;4444,57;6301,08
4165400;14982,42;14990,38;14981,16;12575,43;14943,63;12224,99
4165497;4975,5;3744,5;3756,0;4057,0;4662,0;4385,0
4170073;723,97;30,0;718,65;664,8;1034,35;1097,96
4170260;2999,78;2996,6;2999,02;2999,01;2999,51;2997,66
4170699;4565,0;5500,0;5005,0;3795,0;5500,0;4620,0
4170934;1483,9;1286,1;1425,0;2183,6;2112,6;1597,1
4170953;19989,8;13057,46;15680,48;10083,72;18558,37;17862,88
4171183;3736,09;2325,68;3433,66;2724,9;4384,19;4522,97
4171191;3005,68;3799,48;3198,76;4296,2;6690,15;6873,35
4171202;29984,47;29996,76;29998,83;29991,59;29998,63;29993,32
4171221;14983,77;14958,21;14989,32;14948,2;14976,59;14991,18
4171456;12633,88;14028,1;11210,16;16336,48;15013,5;12814,1
4172105;5964,13;5998,72;5962,72;5991,72;5996,94;5981,71
4172114;3956,68;3930,75;3969,92;3898,8;3993,6;3976,91
4172156;3997,0;3596,6;3937,7;3996,5;3991,6;3552,8
4172160;7618,62;9912,8;9080,2;9965,43;8521,53;3791,6
4172504;17972,52;17989,53;17654,18;13447,04;17978,48;17683,8
4172625;1588,51;2696,46;2347,06;1480,3;2764,49;1431,7
4172643;3252,65;3336,25;4368,95;4982,37;2286,21;3989,18
4172678;3999,36;3995,6;3998,57;3981,03;3991,22;3983,49
4172694;9992,05;9921,3;9787,1;9945,57;9991,96;9842,72
4178031;4943,52;4947,25;2786,67;4654,97;4492,82;3686,48
4178240;4950,0;4950,0;4950,0;4950,0;4950,0;4950,0
4178505;5809,0;5585,57;2550,38;5136,6;3950,04;3572,25
4178781;4594,24;4991,74;3904,11;3357,82;3908,39;3506,29
4179463;8929,71;5950,44;6557,48;5303,74;7231,53;4534,34
4180047;330,0;165,0;385,0;220,0;605,0;275,0
4184904;1753,61;847,37;330,93;1004,12;1458,52;1027,94
4184937;2908,91;2863,95;2889,46;2993,59;2964,42;1658,59
4185112;9089,29;10264,45;10106,35;10427,81;12910,02;9119,59
4185248;4455,0;3905,0;4565,0;4730,0;4290,0;4565,0
4185410;1980,0;1430,0;880,0;1265,0;1650,0;1595,0
4185901;14611,52;12800,1;13223,08;14762,92;14974,6;14753,02
4185919;9953,59;9875,46;9441,8;9934,81;4367,8;9992,56
4186347;5911,97;2881,94;7885,11;6334,81;7911,4;4313,04
4186583;625,02;543,12;1083,86;3122,82;2412,6;1660,45
4186629;2915,0;2255,0;2035,0;1925,0;2860,0;1650,0
4187165;2992,36;2993,56;2993,81;2995,58;2998,31;2983,56
4192133;1502,02;639,21;260,04;243,07;913,0;890,31
4192173;2976,98;2992,06;2951,96;2966,88;2992,05;2925,66
4192660;220,0;;;;;
4193549;2128,15;2326,73;2055,04;1244,42;1121,64;1749,77
4199367;2970,0;2970,0;2640,0;1705,0;550,0;
4199697;1200,0;560,0;720,0;720,0;720,0;1040,0
4199886;2499,78;2497,31;2494,07;2499,66;2495,28;2497,98
4199928;7995,2;7968,55;4354,46;7967,77;7735,44;4736,36
4199999;7305,88;7361,44;7994,92;7837,28;7993,84;7923,24
4200405;2017,45;2213,29;2352,23;2468,41;1919,47;2311,44
4200703;17967,15;17995,64;17984,84;17974,87;17985,19;17995,08
4201005;2480,35;2493,66;2492,77;2123,7;2488,05;2460,76
4206826;605,0;605,0;495,0;990,0;605,0;330,0
4219551;3960,0;3850,0;3135,0;4070,0;4070,0;2970,0
4219612;8265,7;9983,09;9806,26;9476,15;9990,39;9323,85
4230383;40860,6;32788,42;36847,09;38103,74;37269,22;35749,56
4235459;7789,65;7975,1;7678,83;7747,96;6824,6;7530,99
4259578;2991,62;2998,3;2920,96;2960,06;2989,79;2759,2
4278820;462068,54;418962,93;394096,01;402770,1;464394,51;416676,71
4286108;4974,95;5996,74;3421,9;1514,99;6969,81;6683,31
4286387;2994,0;2790,0;2999,0;2995,0;2994,0;2987,5
4286702;7994,68;7879,14;6695,04;4653,86;7937,4;7988,38
4287287;4488,95;4387,85;4485,75;4485,35;4499,7;4381,35
4295429;79998,2;79998,76;79999,56;79997,05;79995,71;79996,13
4296344;70131,35;70181,18;50315,89;70324,44;70032,37;70295,05
4328693;1319733,44;855444,93;907252,14;945381,72;839196,69;1093046,56
4375843;1103992,93;1176088,75;956315,21;772750,14;555356,14;281620,27
4375859;5273846,45;4918129,73;4381961,5;5113716,37;5155829,82;5106348,3
4385435;8191,41;6761,21;8335,35;10626,9;9692,83;11586,37
4385455;9857,0;11574,0;13215,5;11775,5;7314,5;12502,5
4385501;6502,75;5941,16;7390,74;7657,22;6673,97;8892,81
4385502;1772,0;1301,5;2093,6;2638,2;1164,1;1941,3
4385519;11641,5;11641,5;11940,0;12238,5;14029,5;17910,0
4385546;6909,85;7201,24;5234,76;9376,23;4732,08;4725,16
4385551;1760,0;1120,0;2080,0;2080,0;2320,0;2400,0
4385560;51364,21;50915,74;45119,88;48920,16;51018,05;49830,35
4385615;14490,56;14514,52;14554,08;14489,36;14513,12;14535,36
4385648;2880,0;3680,0;3840,0;2400,0;3520,0;3360,0
4385649;88940,86;89139,33;89153,6;88475,09;89160,9;89238,97
4385666;6650,56;6684,88;6636,16;6662,0;6660,56;6713,84
4385725;32286,93;35315,41;34342,94;38835,05;53322,32;42737,33
4385765;15613,79;15627,01;12504,83;13394,92;14610,12;15624,49
4394542;563,85;877,81;1052,59;897,2;1314,73;661,19
4394583;19265,17;16173,07;16864,26;18556,18;25100,43;28045,96
4394655;21190,34;21162,64;21182,02;21189,35;21107,73;21106,61
4394727;4446,27;7422,6;7918,42;7782,76;7905,8;7915,28
4394870;114326,08;97852,53;131010,74;154949,04;171156,56;165067,48
4394896;6355,18;6300,9;6143,45;6350,96;6315,43;6245,18
4394989;9152,84;212,3;10802,81;21880,0;14678,21;1050,51
4395008;13736,95;12816,15;13976,93;11935,11;14059,19;14199,55
4395100;2005,94;2883,47;1910,82;1655,31;1274,48;2070,63
4395306;7146,89;6627,98;9592,88;11453,96;9802,0;8793,26
4395336;66763,21;56768,42;76780,84;73628,12;74368,08;69714,1
4395387;43049,49;40694,93;41504,98;36682,95;48217,04;42431,44
4395438;11190,03;11585,17;13383,15;13546,4;13321,75;14698,49
4395449;1738,75;1476,37;836,49;1601,1;1993,23;1476,04
4395453;10939,52;13178,95;10302,28;8979,68;11807,77;11433,52
4395526;705,31;826,12;1059,93;;;
4395542;1264,66;4109,91;2553,62;1716,76;2591,2;639,21
4395806;6577,38;5612,61;7104,92;9009,82;8879,41;11398,83
4395813;4194,72;4194,72;4194,72;4282,11;3146,04;4369,5
4404446;4693,44;4384,7;3745,07;4986,73;6355,05;6355,53
4405182;14613,57;14564,21;14589,71;14606,35;14617,35;14602,18
4405235;19026,94;19033,73;19038,17;19038,72;19039,47;19038,52
4405432;10126,6;2931,65;50059,38;30536,35;152957,59;79537,48
4405435;8142,64;11215,27;13074,52;11852,37;15123,6;10877,33
4405447;119699,83;119697,63;119694,23;119697,65;119692,14;119697,24
4405451;52039,06;47142,99;61998,62;63764,96;65133,69;63578,55
4405471;11368,64;8292,6;9451,6;15283,87;16635,42;10426,82
4405483;16954,77;16898,12;17047,44;16759,01;16814,1;17304,28
4405529;49646,58;24143,64;48712,27;32747,56;41162,21;36072,49
4405557;5186,46;5067,18;3811,68;4489,97;4427,18;6595,76
4414466;6917,98;3579,92;5446,94;2514,63;838,21;1453,21
4414472;;;1267,68;1738,64;3037,92;654,24
4414498;15657,6;15652,56;15615,98;15611,53;15641,78;15381,16
4414506;16613,04;94406,35;88455,92;38146,28;76078,43;66106,66
4414516;6714,64;6719,6;6717,2;6694,24;6712,32;6715,36
4414563;3322,5;3597,5;4190,0;3254,5;3955,0;3895,0
4414584;12111,37;15164,49;16906,69;16989,51;16361,69;19369,56
4414586;5815,96;4416,25;4050,99;5787,75;7432,48;5814,72
4414599;8848,59;9497,64;9591,62;9778,18;7888,79;8962,23
4414604;8261,72;14679,78;17308,66;17359,59;17340,29;17348,79
4414682;3158,16;1986,0;704,0;15655,36;14821,91;15613,29
4414684;51907,79;51068,47;51972,16;51866,1;51995,07;51982,19
4414689;34134,46;30353,9;33025,04;31757,75;48337,53;31373,26
4414690;3965,78;1890,53;4957,31;6438,56;7837,42;8341,87
4414814;14613,48;14989,08;14552,23;14732,83;14625,41;14671,3
4415045;15224,46;15219,41;15166,81;15238,26;15235,4;15216,55
4415098;960,0;640,0;560,0;;;
4423992;2231,26;2561,13;1470,3;1060,29;2581,15;1827,28
4441677;3759,46;5027,49;4502,76;5286,52;5476,38;5472,12
4442376;11824,76;13871,64;23093,1;23807,0;25913,58;30925,62
4442420;7621,82;4382,6;7667,81;1647,24;7074,3;4288,35
4442421;1776,5;1589,5;1963,5;1776,5;2150,5;2150,5
4442466;935,0;1589,5;1122,0;1683,0;3272,5;1589,5
4442475;211245,8;365705,83;220856,67;366287,17;344747,82;433197,74
Total Geral;89165115,89999993;88034096,65999997;88302073,89000002;91333460,76000006;96380943,37999994;93401663,77999976
